timestamp,instrument_id,absorbed_dose_rate
"2022-04-02T00:00:00","DosTel2",2.37586276923077
"2022-04-02T00:03:15","DosTel2",2.406591
"2022-04-02T00:04:55","DosTel2",2.062983
"2022-04-02T00:05:00","DosTel2",2.463905
"2022-04-02T00:06:35","DosTel2",2.922141
"2022-04-02T00:08:15","DosTel2",2.846004
"2022-04-02T00:10:00","DosTel2",4.07930911182109
"2022-04-02T00:10:08","DosTel2",3.784293
"2022-04-02T00:11:48","DosTel2",5.76796
"2022-04-02T00:13:28","DosTel2",6.599713
"2022-04-02T00:15:00","DosTel2",6.82130733333333
"2022-04-02T00:15:08","DosTel2",6.219855
"2022-04-02T00:16:48","DosTel2",7.644354
"2022-04-02T00:18:28","DosTel2",8.008551
"2022-04-02T00:20:00","DosTel2",9.57309125559105
"2022-04-02T00:20:21","DosTel2",10.480363
"2022-04-02T00:22:01","DosTel2",10.43375
"2022-04-02T00:23:41","DosTel2",10.308513
"2022-04-02T00:25:00","DosTel2",10.4767856666667
"2022-04-02T00:25:21","DosTel2",10.881914
"2022-04-02T00:27:01","DosTel2",10.23993
"2022-04-02T00:28:41","DosTel2",11.077577
"2022-04-02T00:30:00","DosTel2",11.2704996837061
"2022-04-02T00:30:34","DosTel2",11.180568
"2022-04-02T00:32:14","DosTel2",11.578434
"2022-04-02T00:33:54","DosTel2",9.559439
"2022-04-02T00:35:00","DosTel2",8.66889564217252
"2022-04-02T00:35:34","DosTel2",8.587572
"2022-04-02T00:37:14","DosTel2",7.952772
"2022-04-02T00:39:07","DosTel2",4.908066
"2022-04-02T00:40:00","DosTel2",3.85217
"2022-04-02T00:40:47","DosTel2",3.977054
"2022-04-02T00:42:27","DosTel2",2.67139
"2022-04-02T00:44:07","DosTel2",2.293928
"2022-04-02T00:45:00","DosTel2",2.15210180830671
"2022-04-02T00:47:27","DosTel2",1.901082
"2022-04-02T00:49:20","DosTel2",1.858062
"2022-04-02T00:50:00","DosTel2",1.83517
"2022-04-02T00:51:00","DosTel2",1.701688
"2022-04-02T00:52:40","DosTel2",1.94576
"2022-04-02T00:54:20","DosTel2",2.412256
"2022-04-02T00:55:00","DosTel2",2.23692475399361
"2022-04-02T00:56:00","DosTel2",1.825682
"2022-04-02T00:57:40","DosTel2",2.445696
"2022-04-02T00:59:33","DosTel2",2.576552
"2022-04-02T01:00:00","DosTel2",2.9802685
"2022-04-02T01:01:13","DosTel2",3.383985
"2022-04-02T01:02:53","DosTel2",4.360734
"2022-04-02T01:04:33","DosTel2",5.009306
"2022-04-02T01:05:00","DosTel2",5.38828766666667
"2022-04-02T01:06:13","DosTel2",6.794823
"2022-04-02T01:07:53","DosTel2",8.358838
"2022-04-02T01:09:46","DosTel2",9.333514
"2022-04-02T01:10:00","DosTel2",9.38069359105431
"2022-04-02T01:11:26","DosTel2",10.58257
"2022-04-02T01:13:06","DosTel2",11.165276
"2022-04-02T01:14:46","DosTel2",11.929458
"2022-04-02T01:15:00","DosTel2",11.1651223333333
"2022-04-02T01:16:26","DosTel2",10.400633
"2022-04-02T01:18:06","DosTel2",9.590667
"2022-04-02T01:19:58","DosTel2",8.766285
"2022-04-02T01:20:00","DosTel2",8.91095706410256
"2022-04-02T01:21:38","DosTel2",8.294354
"2022-04-02T01:23:18","DosTel2",7.138339
"2022-04-02T01:24:58","DosTel2",4.21044
"2022-04-02T01:25:00","DosTel2",4.89294266666667
"2022-04-02T01:26:38","DosTel2",3.330049
"2022-04-02T01:28:18","DosTel2",2.531091
"2022-04-02T01:30:00","DosTel2",2.29447425242718
"2022-04-02T01:30:10","DosTel2",2.329394
"2022-04-02T01:31:50","DosTel2",2.144509
"2022-04-02T01:35:00","DosTel2",2.797272
"2022-04-02T01:35:10","DosTel2",2.219403
"2022-04-02T01:36:50","DosTel2",3.375141
"2022-04-02T01:38:30","DosTel2",2.944388
"2022-04-02T01:40:00","DosTel2",8.55940178205128
"2022-04-02T01:40:22","DosTel2",6.478805
"2022-04-02T01:42:02","DosTel2",16.928814
"2022-04-02T01:43:42","DosTel2",35.325839
"2022-04-02T01:45:00","DosTel2",22.6736526666667
"2022-04-02T01:45:22","DosTel2",23.993641
"2022-04-02T01:47:02","DosTel2",8.701478
"2022-04-02T01:48:42","DosTel2",6.382493
"2022-04-02T01:50:00","DosTel2",7.50350902564102
"2022-04-02T01:50:34","DosTel2",8.410241
"2022-04-02T01:52:14","DosTel2",7.852315
"2022-04-02T01:53:54","DosTel2",9.516142
"2022-04-02T01:55:00","DosTel2",9.74786866666667
"2022-04-02T01:55:34","DosTel2",9.440558
"2022-04-02T01:57:14","DosTel2",10.229152
"2022-04-02T01:59:06","DosTel2",12.11683
"2022-04-02T02:00:00","DosTel2",11.0237026666667
"2022-04-02T02:00:46","DosTel2",10.179361
"2022-04-02T02:02:26","DosTel2",10.774917
"2022-04-02T02:04:06","DosTel2",9.922576
"2022-04-02T02:05:00","DosTel2",9.81270861341853
"2022-04-02T02:05:46","DosTel2",9.391319
"2022-04-02T02:07:26","DosTel2",10.088392
"2022-04-02T02:09:19","DosTel2",7.681847
"2022-04-02T02:10:00","DosTel2",6.00389533333333
"2022-04-02T02:10:59","DosTel2",5.85202
"2022-04-02T02:12:39","DosTel2",4.477819
"2022-04-02T02:14:19","DosTel2",3.227427
"2022-04-02T02:15:00","DosTel2",2.66154949840256
"2022-04-02T02:15:59","DosTel2",2.905191
"2022-04-02T02:17:39","DosTel2",1.945161
"2022-04-02T02:19:32","DosTel2",1.564153
"2022-04-02T02:20:00","DosTel2",1.76494366666667
"2022-04-02T02:21:12","DosTel2",1.865339
"2022-04-02T02:24:32","DosTel2",1.869024
"2022-04-02T02:25:00","DosTel2",1.845027
"2022-04-02T02:26:12","DosTel2",1.82103
"2022-04-02T02:27:52","DosTel2",1.764146
"2022-04-02T02:29:45","DosTel2",2.317281
"2022-04-02T02:30:00","DosTel2",2.17830350798722
"2022-04-02T02:31:25","DosTel2",2.507324
"2022-04-02T02:33:05","DosTel2",2.511285
"2022-04-02T02:34:45","DosTel2",3.556111
"2022-04-02T02:35:00","DosTel2",3.17596233333333
"2022-04-02T02:36:25","DosTel2",3.460491
"2022-04-02T02:38:05","DosTel2",5.432137
"2022-04-02T02:39:58","DosTel2",5.360513
"2022-04-02T02:40:00","DosTel2",5.83444818210863
"2022-04-02T02:41:38","DosTel2",6.762995
"2022-04-02T02:43:18","DosTel2",8.27441
"2022-04-02T02:44:58","DosTel2",10.571424
"2022-04-02T02:45:00","DosTel2",9.891762
"2022-04-02T02:46:38","DosTel2",10.829452
"2022-04-02T02:48:18","DosTel2",9.511536
"2022-04-02T02:50:00","DosTel2",9.53072545686901
"2022-04-02T02:50:11","DosTel2",10.115982
"2022-04-02T02:51:51","DosTel2",8.967153
"2022-04-02T02:53:31","DosTel2",8.186895
"2022-04-02T02:55:00","DosTel2",7.33091533333333
"2022-04-02T02:55:11","DosTel2",7.818645
"2022-04-02T02:56:51","DosTel2",5.987206
"2022-04-02T02:58:31","DosTel2",5.908213
"2022-04-02T03:00:00","DosTel2",4.3355647571885
"2022-04-02T03:00:24","DosTel2",3.982213
"2022-04-02T03:02:04","DosTel2",2.911824
"2022-04-02T03:03:44","DosTel2",2.752087
"2022-04-02T03:05:00","DosTel2",2.51667433333333
"2022-04-02T03:07:04","DosTel2",2.045849
"2022-04-02T03:08:44","DosTel2",2.579224
"2022-04-02T03:10:00","DosTel2",42.5011741976285
"2022-04-02T03:10:37","DosTel2",45.896525
"2022-04-02T03:11:37","DosTel2",64.087938
"2022-04-02T03:11:57","DosTel2",86.602084
"2022-04-02T03:12:17","DosTel2",102.033579
"2022-04-02T03:12:37","DosTel2",132.654062
"2022-04-02T03:12:57","DosTel2",162.501889
"2022-04-02T03:13:17","DosTel2",191.498295
"2022-04-02T03:13:37","DosTel2",231.446397
"2022-04-02T03:13:57","DosTel2",259.313871
"2022-04-02T03:14:17","DosTel2",292.493911
"2022-04-02T03:14:37","DosTel2",344.404726
"2022-04-02T03:14:57","DosTel2",387.051716
"2022-04-02T03:15:00","DosTel2",361.862202133333
"2022-04-02T03:15:17","DosTel2",414.071455
"2022-04-02T03:15:37","DosTel2",458.182233
"2022-04-02T03:15:57","DosTel2",454.172246
"2022-04-02T03:16:17","DosTel2",464.839751
"2022-04-02T03:16:37","DosTel2",473.017711
"2022-04-02T03:16:57","DosTel2",465.61402
"2022-04-02T03:17:17","DosTel2",425.822753
"2022-04-02T03:17:37","DosTel2",403.502058
"2022-04-02T03:17:57","DosTel2",345.753364
"2022-04-02T03:18:17","DosTel2",309.834364
"2022-04-02T03:18:37","DosTel2",266.788034
"2022-04-02T03:18:57","DosTel2",213.558981
"2022-04-02T03:19:17","DosTel2",175.502104
"2022-04-02T03:19:49","DosTel2",117.40082
"2022-04-02T03:20:00","DosTel2",103.548472920455
"2022-04-02T03:20:09","DosTel2",77.047851
"2022-04-02T03:20:29","DosTel2",50.707957
"2022-04-02T03:20:49","DosTel2",32.6819
"2022-04-02T03:21:09","DosTel2",24.758192
"2022-04-02T03:22:09","DosTel2",10.720382
"2022-04-02T03:23:49","DosTel2",6.059567
"2022-04-02T03:25:00","DosTel2",7.31287566666667
"2022-04-02T03:25:29","DosTel2",7.701284
"2022-04-02T03:27:09","DosTel2",8.177776
"2022-04-02T03:28:49","DosTel2",8.717415
"2022-04-02T03:30:00","DosTel2",9.88804865384615
"2022-04-02T03:30:41","DosTel2",10.147902
"2022-04-02T03:32:21","DosTel2",10.939305
"2022-04-02T03:34:01","DosTel2",9.469621
"2022-04-02T03:35:00","DosTel2",10.0356122564103
"2022-04-02T03:35:41","DosTel2",9.822487
"2022-04-02T03:37:21","DosTel2",10.731252
"2022-04-02T03:39:13","DosTel2",8.736254
"2022-04-02T03:40:00","DosTel2",7.784116
"2022-04-02T03:40:53","DosTel2",8.379749
"2022-04-02T03:42:33","DosTel2",6.236345
"2022-04-02T03:44:13","DosTel2",4.796508
"2022-04-02T03:45:00","DosTel2",3.72399302564103
"2022-04-02T03:45:53","DosTel2",3.759512
"2022-04-02T03:47:33","DosTel2",2.734677
"2022-04-02T03:49:25","DosTel2",2.2475
"2022-04-02T03:50:00","DosTel2",1.93386133333333
"2022-04-02T03:51:05","DosTel2",1.866721
"2022-04-02T03:52:45","DosTel2",1.687363
"2022-04-02T03:54:25","DosTel2",1.916282
"2022-04-02T03:55:00","DosTel2",1.84110020512821
"2022-04-02T03:57:45","DosTel2",1.706847
"2022-04-02T03:59:37","DosTel2",1.770456
"2022-04-02T04:00:00","DosTel2",1.814881
"2022-04-02T04:01:17","DosTel2",1.859306
"2022-04-02T04:02:57","DosTel2",2.690643
"2022-04-02T04:04:37","DosTel2",2.026411
"2022-04-02T04:05:00","DosTel2",2.587791
"2022-04-02T04:06:17","DosTel2",3.046319
"2022-04-02T04:07:57","DosTel2",2.870231
"2022-04-02T04:09:50","DosTel2",4.159129
"2022-04-02T04:10:00","DosTel2",3.93652844408946
"2022-04-02T04:11:30","DosTel2",4.918844
"2022-04-02T04:13:10","DosTel2",4.437378
"2022-04-02T04:14:50","DosTel2",6.757837
"2022-04-02T04:15:00","DosTel2",6.31871566666667
"2022-04-02T04:16:30","DosTel2",7.760932
"2022-04-02T04:18:10","DosTel2",6.686121
"2022-04-02T04:20:00","DosTel2",7.61454719808307
"2022-04-02T04:20:03","DosTel2",7.252798
"2022-04-02T04:21:43","DosTel2",9.025418
"2022-04-02T04:23:23","DosTel2",8.82409
"2022-04-02T04:25:00","DosTel2",7.94369833333333
"2022-04-02T04:25:03","DosTel2",7.455646
"2022-04-02T04:26:43","DosTel2",7.551359
"2022-04-02T04:28:23","DosTel2",6.156523
"2022-04-02T04:30:00","DosTel2",5.43829552396166
"2022-04-02T04:30:16","DosTel2",5.206719
"2022-04-02T04:31:56","DosTel2",4.858275
"2022-04-02T04:33:36","DosTel2",3.262156
"2022-04-02T04:35:00","DosTel2",3.07436933333333
"2022-04-02T04:35:16","DosTel2",3.264137
"2022-04-02T04:36:56","DosTel2",2.696815
"2022-04-02T04:38:36","DosTel2",2.47978
"2022-04-02T04:40:00","DosTel2",2.36156913738019
"2022-04-02T04:42:09","DosTel2",2.10978
"2022-04-02T04:43:49","DosTel2",2.763925
"2022-04-02T04:45:00","DosTel2",26.61402296
"2022-04-02T04:45:29","DosTel2",16.38959
"2022-04-02T04:46:59","DosTel2",60.959079
"2022-04-02T04:47:19","DosTel2",85.787513
"2022-04-02T04:47:39","DosTel2",98.355915
"2022-04-02T04:47:59","DosTel2",118.462043
"2022-04-02T04:48:19","DosTel2",150.529963
"2022-04-02T04:48:39","DosTel2",170.792696
"2022-04-02T04:48:59","DosTel2",196.677055
"2022-04-02T04:49:19","DosTel2",228.87924
"2022-04-02T04:49:52","DosTel2",268.54154
"2022-04-02T04:50:00","DosTel2",296.12032559727
"2022-04-02T04:50:12","DosTel2",321.136116
"2022-04-02T04:50:32","DosTel2",371.897042
"2022-04-02T04:50:52","DosTel2",400.128621
"2022-04-02T04:51:12","DosTel2",402.293443
"2022-04-02T04:51:32","DosTel2",407.919677
"2022-04-02T04:51:52","DosTel2",398.883158
"2022-04-02T04:52:12","DosTel2",385.98865
"2022-04-02T04:52:32","DosTel2",367.26202
"2022-04-02T04:52:52","DosTel2",346.868017
"2022-04-02T04:53:12","DosTel2",287.678104
"2022-04-02T04:53:32","DosTel2",248.684366
"2022-04-02T04:53:52","DosTel2",213.42011
"2022-04-02T04:54:12","DosTel2",158.02232
"2022-04-02T04:54:32","DosTel2",139.689273
"2022-04-02T04:54:52","DosTel2",95.375601
"2022-04-02T04:55:00","DosTel2",98.2868638333333
"2022-04-02T04:55:12","DosTel2",74.11659
"2022-04-02T04:55:32","DosTel2",49.603668
"2022-04-02T04:55:52","DosTel2",34.500811
"2022-04-02T04:56:12","DosTel2",24.183823
"2022-04-02T04:57:12","DosTel2",9.730644
"2022-04-02T04:58:52","DosTel2",6.139849
"2022-04-02T05:00:00","DosTel2",7.28959915974441
"2022-04-02T05:00:45","DosTel2",6.565997
"2022-04-02T05:02:25","DosTel2",9.312419
"2022-04-02T05:04:05","DosTel2",7.995378
"2022-04-02T05:05:00","DosTel2",8.88006792332268
"2022-04-02T05:05:45","DosTel2",8.926804
"2022-04-02T05:07:25","DosTel2",9.62162
"2022-04-02T05:09:18","DosTel2",8.661222
"2022-04-02T05:10:00","DosTel2",8.05496433333333
"2022-04-02T05:10:58","DosTel2",8.768081
"2022-04-02T05:12:38","DosTel2",6.73559
"2022-04-02T05:14:18","DosTel2",6.401608
"2022-04-02T05:15:00","DosTel2",5.39753830769231
"2022-04-02T05:15:58","DosTel2",5.287416
"2022-04-02T05:17:38","DosTel2",4.599371
"2022-04-02T05:19:30","DosTel2",3.730817
"2022-04-02T05:20:00","DosTel2",3.2017485
"2022-04-02T05:21:10","DosTel2",2.67268
"2022-04-02T05:22:50","DosTel2",2.234096
"2022-04-02T05:24:30","DosTel2",1.87165
"2022-04-02T05:25:00","DosTel2",1.985725
"2022-04-02T05:26:10","DosTel2",1.851429
"2022-04-02T05:27:50","DosTel2",2.153169
"2022-04-02T05:30:00","DosTel2",1.93822188461538
"2022-04-02T05:31:22","DosTel2",1.482534
"2022-04-02T05:33:02","DosTel2",2.036959
"2022-04-02T05:34:42","DosTel2",1.712973
"2022-04-02T05:35:00","DosTel2",1.94267433333333
"2022-04-02T05:36:22","DosTel2",2.078091
"2022-04-02T05:38:02","DosTel2",2.441458
"2022-04-02T05:39:54","DosTel2",2.612894
"2022-04-02T05:40:00","DosTel2",2.9800063974359
"2022-04-02T05:41:34","DosTel2",3.950293
"2022-04-02T05:43:14","DosTel2",3.884888
"2022-04-02T05:44:54","DosTel2",5.762341
"2022-04-02T05:45:00","DosTel2",4.914345
"2022-04-02T05:46:34","DosTel2",5.095806
"2022-04-02T05:48:14","DosTel2",6.030963
"2022-04-02T05:50:00","DosTel2",6.73932806410256
"2022-04-02T05:50:06","DosTel2",6.363701
"2022-04-02T05:51:46","DosTel2",7.908324
"2022-04-02T05:53:26","DosTel2",6.610306
"2022-04-02T05:55:00","DosTel2",6.86311466666667
"2022-04-02T05:55:06","DosTel2",7.314058
"2022-04-02T05:56:46","DosTel2",6.66498
"2022-04-02T05:58:26","DosTel2",4.563536
"2022-04-02T06:00:00","DosTel2",4.54868503846154
"2022-04-02T06:00:18","DosTel2",5.205061
"2022-04-02T06:01:58","DosTel2",3.875676
"2022-04-02T06:03:38","DosTel2",3.212826
"2022-04-02T06:05:00","DosTel2",3.2256
"2022-04-02T06:05:18","DosTel2",2.84605
"2022-04-02T06:06:58","DosTel2",3.617924
"2022-04-02T06:08:38","DosTel2",2.615427
"2022-04-02T06:10:00","DosTel2",2.9543863220339
"2022-04-02T06:10:31","DosTel2",2.761391
"2022-04-02T06:12:11","DosTel2",3.242396
"2022-04-02T06:15:00","DosTel2",2.3065715
"2022-04-02T06:15:31","DosTel2",2.335152
"2022-04-02T06:17:11","DosTel2",2.277991
"2022-04-02T06:18:51","DosTel2",2.225483
"2022-04-02T06:20:00","DosTel2",2.49051207348243
"2022-04-02T06:20:44","DosTel2",2.592029
"2022-04-02T06:22:24","DosTel2",2.688478
"2022-04-02T06:24:04","DosTel2",2.259107
"2022-04-02T06:25:00","DosTel2",3.29089329392971
"2022-04-02T06:25:44","DosTel2",3.645376
"2022-04-02T06:27:24","DosTel2",3.890277
"2022-04-02T06:29:17","DosTel2",3.580938
"2022-04-02T06:30:00","DosTel2",4.607647
"2022-04-02T06:30:57","DosTel2",5.352223
"2022-04-02T06:32:37","DosTel2",4.88978
"2022-04-02T06:34:17","DosTel2",5.809645
"2022-04-02T06:35:00","DosTel2",7.01591827795527
"2022-04-02T06:35:57","DosTel2",7.623858
"2022-04-02T06:37:37","DosTel2",7.545417
"2022-04-02T06:39:30","DosTel2",7.783916
"2022-04-02T06:40:00","DosTel2",7.783916
"2022-04-02T06:41:10","DosTel2",7.783916
"2022-04-02T06:42:50","DosTel2",8.14102
"2022-04-02T06:44:30","DosTel2",7.947752
"2022-04-02T06:45:00","DosTel2",7.474869
"2022-04-02T06:46:10","DosTel2",6.335835
"2022-04-02T06:47:50","DosTel2",5.749813
"2022-04-02T06:49:43","DosTel2",5.820699
"2022-04-02T06:50:00","DosTel2",5.39768169009585
"2022-04-02T06:51:23","DosTel2",4.576756
"2022-04-02T06:53:03","DosTel2",3.476151
"2022-04-02T06:54:43","DosTel2",2.591154
"2022-04-02T06:55:00","DosTel2",2.89547233333333
"2022-04-02T06:56:23","DosTel2",2.619112
"2022-04-02T06:58:03","DosTel2",2.974465
"2022-04-02T06:59:56","DosTel2",1.787636
"2022-04-02T07:00:00","DosTel2",2.2161078115016
"2022-04-02T07:03:16","DosTel2",2.213876
"2022-04-02T07:04:56","DosTel2",1.599297
"2022-04-02T07:05:00","DosTel2",2.07339266666667
"2022-04-02T07:06:36","DosTel2",2.407005
"2022-04-02T07:08:16","DosTel2",1.949767
"2022-04-02T07:10:00","DosTel2",2.28503409265176
"2022-04-02T07:10:09","DosTel2",2.462185
"2022-04-02T07:11:49","DosTel2",2.486735
"2022-04-02T07:13:29","DosTel2",4.400254
"2022-04-02T07:15:00","DosTel2",4.32941333333333
"2022-04-02T07:15:09","DosTel2",4.362484
"2022-04-02T07:16:49","DosTel2",4.225502
"2022-04-02T07:18:29","DosTel2",6.209354
"2022-04-02T07:20:00","DosTel2",6.36826105128205
"2022-04-02T07:20:21","DosTel2",6.567563
"2022-04-02T07:22:01","DosTel2",6.346935
"2022-04-02T07:23:41","DosTel2",6.784874
"2022-04-02T07:25:00","DosTel2",6.09078
"2022-04-02T07:25:21","DosTel2",6.266054
"2022-04-02T07:27:01","DosTel2",5.221412
"2022-04-02T07:28:41","DosTel2",5.515966
"2022-04-02T07:30:00","DosTel2",4.70341984615385
"2022-04-02T07:30:33","DosTel2",4.254474
"2022-04-02T07:32:13","DosTel2",4.242314
"2022-04-02T07:33:53","DosTel2",3.280027
"2022-04-02T07:35:00","DosTel2",2.91813366666667
"2022-04-02T07:35:33","DosTel2",2.701191
"2022-04-02T07:37:13","DosTel2",2.773183
"2022-04-02T07:38:53","DosTel2",2.559925
"2022-04-02T07:40:00","DosTel2",2.1434358974359
"2022-04-02T07:40:45","DosTel2",1.868103
"2022-04-02T07:42:25","DosTel2",1.952301
"2022-04-02T07:44:05","DosTel2",2.777466
"2022-04-02T07:45:00","DosTel2",2.54692728205128
"2022-04-02T07:47:25","DosTel2",2.135251
"2022-04-02T07:49:17","DosTel2",1.854239
"2022-04-02T07:50:00","DosTel2",2.06692866666667
"2022-04-02T07:50:57","DosTel2",1.837749
"2022-04-02T07:52:37","DosTel2",2.508798
"2022-04-02T07:54:17","DosTel2",2.536987
"2022-04-02T07:55:00","DosTel2",2.36060116666667
"2022-04-02T07:55:57","DosTel2",2.392036
"2022-04-02T07:57:37","DosTel2",2.175047
"2022-04-02T07:59:29","DosTel2",3.239264
"2022-04-02T08:00:00","DosTel2",3.305982
"2022-04-02T08:01:09","DosTel2",3.3727
"2022-04-02T08:02:49","DosTel2",3.386334
"2022-04-02T08:04:29","DosTel2",3.570021
"2022-04-02T08:05:00","DosTel2",4.244893
"2022-04-02T08:06:09","DosTel2",5.778324
"2022-04-02T08:07:49","DosTel2",5.278573
"2022-04-02T08:09:42","DosTel2",6.729372
"2022-04-02T08:10:00","DosTel2",6.14622315974441
"2022-04-02T08:11:22","DosTel2",6.543519
"2022-04-02T08:13:02","DosTel2",5.928986
"2022-04-02T08:14:42","DosTel2",6.824255
"2022-04-02T08:15:00","DosTel2",6.220715
"2022-04-02T08:16:22","DosTel2",5.908904
"2022-04-02T08:18:02","DosTel2",6.742407
"2022-04-02T08:19:55","DosTel2",7.321381
"2022-04-02T08:20:00","DosTel2",6.6331427827476
"2022-04-02T08:21:35","DosTel2",5.821436
"2022-04-02T08:23:15","DosTel2",4.566807
"2022-04-02T08:24:55","DosTel2",3.442619
"2022-04-02T08:25:00","DosTel2",3.721221
"2022-04-02T08:26:35","DosTel2",3.154237
"2022-04-02T08:28:15","DosTel2",2.762865
"2022-04-02T08:30:00","DosTel2",2.78274615015974
"2022-04-02T08:30:08","DosTel2",2.409677
"2022-04-02T08:31:48","DosTel2",3.178281
"2022-04-02T08:33:28","DosTel2",2.123368
"2022-04-02T08:35:00","DosTel2",1.99750133333333
"2022-04-02T08:36:48","DosTel2",1.745768
"2022-04-02T08:38:28","DosTel2",2.012455
"2022-04-02T08:40:00","DosTel2",2.16198087859425
"2022-04-02T08:40:21","DosTel2",2.093935
"2022-04-02T08:42:01","DosTel2",2.398991
"2022-04-02T08:43:41","DosTel2",2.721227
"2022-04-02T08:45:00","DosTel2",3.37798166666667
"2022-04-02T08:45:21","DosTel2",3.333641
"2022-04-02T08:47:01","DosTel2",4.079077
"2022-04-02T08:48:41","DosTel2",4.271516
"2022-04-02T08:50:00","DosTel2",5.39279076038339
"2022-04-02T08:50:34","DosTel2",5.153888
"2022-04-02T08:52:14","DosTel2",6.898734
"2022-04-02T08:53:54","DosTel2",6.761614
"2022-04-02T08:55:00","DosTel2",6.96152966666667
"2022-04-02T08:55:34","DosTel2",7.668582
"2022-04-02T08:57:14","DosTel2",6.454393
"2022-04-02T08:58:54","DosTel2",6.409853
"2022-04-02T09:00:00","DosTel2",5.3796977284345
"2022-04-02T09:00:47","DosTel2",5.376082
"2022-04-02T09:02:27","DosTel2",4.219238
"2022-04-02T09:04:07","DosTel2",3.693186
"2022-04-02T09:05:00","DosTel2",3.12756074440895
"2022-04-02T09:05:47","DosTel2",3.378089
"2022-04-02T09:07:27","DosTel2",2.405301
"2022-04-02T09:09:20","DosTel2",2.497053
"2022-04-02T09:10:00","DosTel2",2.271251
"2022-04-02T09:11:00","DosTel2",2.360807
"2022-04-02T09:12:40","DosTel2",1.955893
"2022-04-02T09:14:20","DosTel2",2.875252
"2022-04-02T09:15:00","DosTel2",2.1783025
"2022-04-02T09:16:00","DosTel2",1.698003
"2022-04-02T09:17:40","DosTel2",1.984865
"2022-04-02T09:19:32","DosTel2",2.227602
"2022-04-02T09:20:00","DosTel2",2.227602
"2022-04-02T09:22:52","DosTel2",2.737993
"2022-04-02T09:24:32","DosTel2",2.111899
"2022-04-02T09:25:00","DosTel2",2.552939
"2022-04-02T09:26:12","DosTel2",2.808925
"2022-04-02T09:27:52","DosTel2",2.662547
"2022-04-02T09:29:44","DosTel2",3.034113
"2022-04-02T09:30:00","DosTel2",2.90778706410256
"2022-04-02T09:31:24","DosTel2",3.05613
"2022-04-02T09:33:04","DosTel2",3.321113
"2022-04-02T09:34:44","DosTel2",3.630268
"2022-04-02T09:35:00","DosTel2",4.04580633333333
"2022-04-02T09:36:24","DosTel2",5.186038
"2022-04-02T09:38:04","DosTel2",4.298185
"2022-04-02T09:39:56","DosTel2",4.857768
"2022-04-02T09:40:00","DosTel2",4.56946641025641
"2022-04-02T09:41:36","DosTel2",4.585
"2022-04-02T09:43:16","DosTel2",4.977662
"2022-04-02T09:44:56","DosTel2",4.904104
"2022-04-02T09:45:00","DosTel2",5.027883
"2022-04-02T09:46:36","DosTel2",5.201883
"2022-04-02T09:48:16","DosTel2",5.42532
"2022-04-02T09:50:00","DosTel2",6.0962466025641
"2022-04-02T09:50:08","DosTel2",6.198392
"2022-04-02T09:51:48","DosTel2",6.745539
"2022-04-02T09:53:28","DosTel2",7.43667
"2022-04-02T09:55:00","DosTel2",7.90500833333333
"2022-04-02T09:55:08","DosTel2",9.41154
"2022-04-02T09:56:48","DosTel2",6.866815
"2022-04-02T09:58:28","DosTel2",3.875077
"2022-04-02T10:00:00","DosTel2",3.22820575399361
"2022-04-02T10:00:21","DosTel2",3.323877
"2022-04-02T10:02:01","DosTel2",2.40157
"2022-04-02T10:03:41","DosTel2",2.795798
"2022-04-02T10:05:00","DosTel2",2.574065
"2022-04-02T10:07:01","DosTel2",2.130599
"2022-04-02T10:08:41","DosTel2",2.068004
"2022-04-02T10:10:00","DosTel2",2.29243243450479
"2022-04-02T10:10:34","DosTel2",2.264588
"2022-04-02T10:12:14","DosTel2",2.573881
"2022-04-02T10:13:54","DosTel2",2.325157
"2022-04-02T10:15:00","DosTel2",2.72368366666667
"2022-04-02T10:15:34","DosTel2",2.479919
"2022-04-02T10:17:14","DosTel2",3.365975
"2022-04-02T10:18:54","DosTel2",3.834406
"2022-04-02T10:20:00","DosTel2",4.10482133546326
"2022-04-02T10:20:47","DosTel2",3.829432
"2022-04-02T10:22:27","DosTel2",4.68578
"2022-04-02T10:24:07","DosTel2",6.818452
"2022-04-02T10:25:00","DosTel2",7.01443776038339
"2022-04-02T10:25:47","DosTel2",7.087903
"2022-04-02T10:27:27","DosTel2",7.122863
"2022-04-02T10:29:20","DosTel2",7.126363
"2022-04-02T10:30:00","DosTel2",6.52368266666667
"2022-04-02T10:31:00","DosTel2",6.247215
"2022-04-02T10:32:40","DosTel2",6.19747
"2022-04-02T10:34:20","DosTel2",5.157987
"2022-04-02T10:35:00","DosTel2",4.68334668051118
"2022-04-02T10:36:00","DosTel2",4.853484
"2022-04-02T10:37:40","DosTel2",4.112747
"2022-04-02T10:39:33","DosTel2",2.893998
"2022-04-02T10:40:00","DosTel2",2.4241395
"2022-04-02T10:41:13","DosTel2",1.954281
"2022-04-02T10:42:53","DosTel2",2.490098
"2022-04-02T10:44:33","DosTel2",2.369282
"2022-04-02T10:45:00","DosTel2",2.18204833333333
"2022-04-02T10:46:13","DosTel2",1.686765
"2022-04-02T10:47:53","DosTel2",1.993571
"2022-04-02T10:49:46","DosTel2",1.863958
"2022-04-02T10:50:00","DosTel2",1.97550344552058
"2022-04-02T10:51:26","DosTel2",2.021068
"2022-04-02T10:54:46","DosTel2",1.978601
"2022-04-02T10:55:00","DosTel2",1.9499745
"2022-04-02T10:56:26","DosTel2",1.921348
"2022-04-02T10:58:06","DosTel2",2.781796
"2022-04-02T10:59:59","DosTel2",2.72938
"2022-04-02T11:00:00","DosTel2",2.91176500958466
"2022-04-02T11:01:39","DosTel2",3.241015
"2022-04-02T11:03:19","DosTel2",3.574535
"2022-04-02T11:04:59","DosTel2",4.022792
"2022-04-02T11:05:00","DosTel2",4.0564
"2022-04-02T11:06:39","DosTel2",4.571873
"2022-04-02T11:08:19","DosTel2",5.569303
"2022-04-02T11:10:00","DosTel2",5.28668894249201
"2022-04-02T11:10:12","DosTel2",4.795817
"2022-04-02T11:11:52","DosTel2",5.458207
"2022-04-02T11:13:32","DosTel2",5.70624
"2022-04-02T11:15:00","DosTel2",5.11077566666667
"2022-04-02T11:15:12","DosTel2",5.020498
"2022-04-02T11:16:52","DosTel2",4.605589
"2022-04-02T11:18:32","DosTel2",5.06665
"2022-04-02T11:20:00","DosTel2",5.00827788461538
"2022-04-02T11:20:24","DosTel2",4.588363
"2022-04-02T11:22:04","DosTel2",5.362816
"2022-04-02T11:23:44","DosTel2",20.17554
"2022-04-02T11:25:00","DosTel2",71.0817184615385
"2022-04-02T11:25:44","DosTel2",77.297266
"2022-04-02T11:26:04","DosTel2",93.360013
"2022-04-02T11:26:24","DosTel2",104.40475
"2022-04-02T11:26:44","DosTel2",107.988682
"2022-04-02T11:27:04","DosTel2",130.844133
"2022-04-02T11:27:24","DosTel2",134.771212
"2022-04-02T11:27:44","DosTel2",154.343044
"2022-04-02T11:28:04","DosTel2",149.559709
"2022-04-02T11:28:24","DosTel2",155.672336
"2022-04-02T11:28:44","DosTel2",153.837074
"2022-04-02T11:29:04","DosTel2",150.14375
"2022-04-02T11:29:24","DosTel2",140.250054
"2022-04-02T11:29:56","DosTel2",115.940026
"2022-04-02T11:30:00","DosTel2",66.774248537037
"2022-04-02T11:30:16","DosTel2",105.817642
"2022-04-02T11:30:36","DosTel2",93.572811
"2022-04-02T11:30:56","DosTel2",71.785952
"2022-04-02T11:31:16","DosTel2",57.651278
"2022-04-02T11:31:36","DosTel2",39.16416
"2022-04-02T11:31:56","DosTel2",32.336911
"2022-04-02T11:32:16","DosTel2",14.746121
"2022-04-02T11:32:36","DosTel2",9.711989
"2022-04-02T11:35:00","DosTel2",3.089224
"2022-04-02T11:35:16","DosTel2",3.641783
"2022-04-02T11:36:56","DosTel2",2.536665
"2022-04-02T11:38:36","DosTel2",2.281538
"2022-04-02T11:40:00","DosTel2",2.31253992307692
"2022-04-02T11:40:28","DosTel2",2.61294
"2022-04-02T11:42:08","DosTel2",2.046862
"2022-04-02T11:43:48","DosTel2",2.504837
"2022-04-02T11:45:00","DosTel2",2.35280833333333
"2022-04-02T11:45:28","DosTel2",2.090988
"2022-04-02T11:47:08","DosTel2",2.4626
"2022-04-02T11:48:48","DosTel2",2.180252
"2022-04-02T11:50:00","DosTel2",3.02631001282051
"2022-04-02T11:50:40","DosTel2",3.264413
"2022-04-02T11:52:20","DosTel2",3.735792
"2022-04-02T11:54:00","DosTel2",4.174467
"2022-04-02T11:55:00","DosTel2",5.67300203846154
"2022-04-02T11:55:40","DosTel2",5.6389
"2022-04-02T11:57:20","DosTel2",7.041428
"2022-04-02T11:59:12","DosTel2",6.728404
"2022-04-02T12:00:00","DosTel2",7.40269266666667
"2022-04-02T12:00:52","DosTel2",7.872582
"2022-04-02T12:02:32","DosTel2",7.607092
"2022-04-02T12:04:12","DosTel2",7.145432
"2022-04-02T12:05:00","DosTel2",6.63897469009585
"2022-04-02T12:05:52","DosTel2",7.158974
"2022-04-02T12:07:32","DosTel2",5.730606
"2022-04-02T12:09:25","DosTel2",5.679755
"2022-04-02T12:10:00","DosTel2",4.01218233333333
"2022-04-02T12:11:05","DosTel2",3.797051
"2022-04-02T12:12:45","DosTel2",2.559741
"2022-04-02T12:14:25","DosTel2",2.947152
"2022-04-02T12:15:00","DosTel2",2.13978829392971
"2022-04-02T12:16:05","DosTel2",1.494372
"2022-04-02T12:17:45","DosTel2",1.996472
"2022-04-02T12:19:38","DosTel2",2.019917
"2022-04-02T12:20:00","DosTel2",1.981526
"2022-04-02T12:21:18","DosTel2",1.943135
"2022-04-02T12:22:58","DosTel2",1.639323
"2022-04-02T12:24:38","DosTel2",1.611963
"2022-04-02T12:25:00","DosTel2",1.621083
"2022-04-02T12:27:58","DosTel2",2.124704
"2022-04-02T12:29:51","DosTel2",1.817483
"2022-04-02T12:30:00","DosTel2",2.14980847284345
"2022-04-02T12:31:31","DosTel2",2.510502
"2022-04-02T12:33:11","DosTel2",3.328206
"2022-04-02T12:34:51","DosTel2",3.762092
"2022-04-02T12:35:00","DosTel2",3.98632733333333
"2022-04-02T12:36:31","DosTel2",4.868684
"2022-04-02T12:38:11","DosTel2",6.205853
"2022-04-02T12:40:00","DosTel2",6.25017696166134
"2022-04-02T12:40:04","DosTel2",6.334269
"2022-04-02T12:41:44","DosTel2",6.216171
"2022-04-02T12:43:24","DosTel2",6.881738
"2022-04-02T12:45:00","DosTel2",7.35502033333333
"2022-04-02T12:45:04","DosTel2",8.185836
"2022-04-02T12:46:44","DosTel2",6.997487
"2022-04-02T12:48:24","DosTel2",6.99021
"2022-04-02T12:50:00","DosTel2",6.5340975399361
"2022-04-02T12:50:17","DosTel2",7.525888
"2022-04-02T12:51:57","DosTel2",5.0269
"2022-04-02T12:53:37","DosTel2",4.367183
"2022-04-02T12:55:00","DosTel2",3.605104
"2022-04-02T12:55:17","DosTel2",3.501392
"2022-04-02T12:56:57","DosTel2",2.946737
"2022-04-02T12:58:37","DosTel2",10.59952
"2022-04-02T13:00:00","DosTel2",202.849472927757
"2022-04-02T13:00:20","DosTel2",156.207554
"2022-04-02T13:00:40","DosTel2",204.447614
"2022-04-02T13:01:00","DosTel2",262.624437
"2022-04-02T13:01:20","DosTel2",327.158926
"2022-04-02T13:01:40","DosTel2",378.596014
"2022-04-02T13:02:00","DosTel2",408.165177
"2022-04-02T13:02:20","DosTel2",439.594244
"2022-04-02T13:02:40","DosTel2",436.089075
"2022-04-02T13:03:00","DosTel2",428.217414
"2022-04-02T13:03:20","DosTel2",426.473812
"2022-04-02T13:03:40","DosTel2",415.827494
"2022-04-02T13:04:00","DosTel2",393.283178
"2022-04-02T13:04:20","DosTel2",357.71032
"2022-04-02T13:04:40","DosTel2",324.713369
"2022-04-02T13:05:00","DosTel2",242.359033
"2022-04-02T13:05:00","DosTel2",269.134563
"2022-04-02T13:05:20","DosTel2",242.948509
"2022-04-02T13:05:40","DosTel2",205.997534
"2022-04-02T13:06:00","DosTel2",159.858042
"2022-04-02T13:06:20","DosTel2",134.90732
"2022-04-02T13:06:40","DosTel2",104.141517
"2022-04-02T13:07:00","DosTel2",80.3849
"2022-04-02T13:07:20","DosTel2",52.96582
"2022-04-02T13:07:40","DosTel2",38.821703
"2022-04-02T13:08:00","DosTel2",29.952843
"2022-04-02T13:08:20","DosTel2",20.198939
"2022-04-02T13:08:40","DosTel2",11.581797
"2022-04-02T13:09:00","DosTel2",8.806219
"2022-04-02T13:10:00","DosTel2",8.99986476576577
"2022-04-02T13:11:53","DosTel2",2.388075
"2022-04-02T13:13:33","DosTel2",2.180574
"2022-04-02T13:15:00","DosTel2",2.24344633333333
"2022-04-02T13:15:13","DosTel2",2.430358
"2022-04-02T13:16:53","DosTel2",2.119407
"2022-04-02T13:18:33","DosTel2",2.142667
"2022-04-02T13:20:00","DosTel2",2.38972276923077
"2022-04-02T13:20:25","DosTel2",2.224377
"2022-04-02T13:22:05","DosTel2",2.831771
"2022-04-02T13:23:45","DosTel2",3.437553
"2022-04-02T13:25:00","DosTel2",4.232334
"2022-04-02T13:25:25","DosTel2",4.180501
"2022-04-02T13:27:05","DosTel2",5.078948
"2022-04-02T13:28:45","DosTel2",5.400816
"2022-04-02T13:30:00","DosTel2",6.53538394871795
"2022-04-02T13:30:37","DosTel2",7.421424
"2022-04-02T13:32:17","DosTel2",6.92006
"2022-04-02T13:33:57","DosTel2",6.695702
"2022-04-02T13:35:00","DosTel2",6.91307433333333
"2022-04-02T13:35:37","DosTel2",7.020425
"2022-04-02T13:37:17","DosTel2",7.023096
"2022-04-02T13:38:57","DosTel2",7.009371
"2022-04-02T13:40:00","DosTel2",5.73449696153846
"2022-04-02T13:40:49","DosTel2",4.9819
"2022-04-02T13:42:29","DosTel2",5.059235
"2022-04-02T13:44:09","DosTel2",3.814001
"2022-04-02T13:45:00","DosTel2",2.88467555128205
"2022-04-02T13:45:49","DosTel2",2.703448
"2022-04-02T13:47:29","DosTel2",2.216731
"2022-04-02T13:49:21","DosTel2",1.92379
"2022-04-02T13:50:00","DosTel2",1.71174466666667
"2022-04-02T13:51:01","DosTel2",1.609568
"2022-04-02T13:52:41","DosTel2",1.601876
"2022-04-02T13:54:21","DosTel2",1.606574
"2022-04-02T13:55:00","DosTel2",2.14912646601942
"2022-04-02T13:56:01","DosTel2",2.078966
"2022-04-02T13:57:41","DosTel2",2.438142
"2022-04-02T14:00:00","DosTel2",2.417691
"2022-04-02T14:01:13","DosTel2",2.417691
"2022-04-02T14:02:53","DosTel2",1.946129
"2022-04-02T14:04:33","DosTel2",3.461642
"2022-04-02T14:05:00","DosTel2",3.01728566666667
"2022-04-02T14:06:13","DosTel2",3.644086
"2022-04-02T14:07:53","DosTel2",4.337612
"2022-04-02T14:09:46","DosTel2",4.643589
"2022-04-02T14:10:00","DosTel2",5.78600145686901
"2022-04-02T14:11:26","DosTel2",8.565094
"2022-04-02T14:13:06","DosTel2",7.502766
"2022-04-02T14:14:46","DosTel2",9.125323
"2022-04-02T14:15:00","DosTel2",8.324523
"2022-04-02T14:16:26","DosTel2",8.34548
"2022-04-02T14:18:06","DosTel2",9.303345
"2022-04-02T14:19:59","DosTel2",8.429448
"2022-04-02T14:20:00","DosTel2",8.51833765175719
"2022-04-02T14:21:39","DosTel2",7.720169
"2022-04-02T14:23:19","DosTel2",6.451215
"2022-04-02T14:24:59","DosTel2",5.625727
"2022-04-02T14:25:00","DosTel2",5.57174466666667
"2022-04-02T14:26:39","DosTel2",4.638292
"2022-04-02T14:28:19","DosTel2",3.581444
"2022-04-02T14:30:00","DosTel2",3.22533984664537
"2022-04-02T14:30:12","DosTel2",3.040055
"2022-04-02T14:31:52","DosTel2",3.008227
"2022-04-02T14:33:32","DosTel2",2.103286
"2022-04-02T14:35:00","DosTel2",5.77918968965517
"2022-04-02T14:35:12","DosTel2",2.658033
"2022-04-02T14:36:52","DosTel2",13.331479
"2022-04-02T14:38:22","DosTel2",39.765704
"2022-04-02T14:38:42","DosTel2",42.699498
"2022-04-02T14:39:02","DosTel2",40.380605
"2022-04-02T14:39:22","DosTel2",39.989556
"2022-04-02T14:39:55","DosTel2",33.4868
"2022-04-02T14:40:00","DosTel2",21.5733693711048
"2022-04-02T14:40:15","DosTel2",30.862529
"2022-04-02T14:40:35","DosTel2",22.76218
"2022-04-02T14:40:55","DosTel2",18.698303
"2022-04-02T14:41:15","DosTel2",13.736255
"2022-04-02T14:41:35","DosTel2",9.049416
"2022-04-02T14:44:15","DosTel2",2.145983
"2022-04-02T14:45:00","DosTel2",2.10645877635783
"2022-04-02T14:45:55","DosTel2",2.074268
"2022-04-02T14:47:35","DosTel2",2.099969
"2022-04-02T14:49:28","DosTel2",2.43478
"2022-04-02T14:50:00","DosTel2",2.392888
"2022-04-02T14:51:08","DosTel2",2.350996
"2022-04-02T14:52:48","DosTel2",2.575677
"2022-04-02T14:54:28","DosTel2",2.602208
"2022-04-02T14:55:00","DosTel2",2.855753
"2022-04-02T14:56:08","DosTel2",3.389374
"2022-04-02T14:57:48","DosTel2",4.107911
"2022-04-02T14:59:41","DosTel2",4.691722
"2022-04-02T15:00:00","DosTel2",4.64294294888179
"2022-04-02T15:01:21","DosTel2",5.19875
"2022-04-02T15:03:01","DosTel2",6.491149
"2022-04-02T15:04:41","DosTel2",7.016187
"2022-04-02T15:05:00","DosTel2",6.647922
"2022-04-02T15:06:21","DosTel2",6.43643
"2022-04-02T15:08:01","DosTel2",6.62675
"2022-04-02T15:09:53","DosTel2",7.099879
"2022-04-02T15:10:00","DosTel2",6.83540801282051
"2022-04-02T15:11:33","DosTel2",6.804634
"2022-04-02T15:13:13","DosTel2",6.224231
"2022-04-02T15:14:53","DosTel2",4.157103
"2022-04-02T15:15:00","DosTel2",4.65382966666667
"2022-04-02T15:16:33","DosTel2",3.580155
"2022-04-02T15:18:13","DosTel2",4.376717
"2022-04-02T15:20:00","DosTel2",2.96798815384615
"2022-04-02T15:20:05","DosTel2",2.116136
"2022-04-02T15:21:45","DosTel2",2.242064
"2022-04-02T15:23:25","DosTel2",2.415849
"2022-04-02T15:25:00","DosTel2",2.273493
"2022-04-02T15:25:05","DosTel2",2.12931
"2022-04-02T15:26:45","DosTel2",2.27532
"2022-04-02T15:28:25","DosTel2",1.925171
"2022-04-02T15:30:00","DosTel2",1.57954407692308
"2022-04-02T15:30:17","DosTel2",1.385993
"2022-04-02T15:33:37","DosTel2",2.436714
"2022-04-02T15:35:00","DosTel2",2.57928533333333
"2022-04-02T15:35:17","DosTel2",2.423034
"2022-04-02T15:36:57","DosTel2",2.878108
"2022-04-02T15:38:37","DosTel2",3.995294
"2022-04-02T15:40:00","DosTel2",4.83575682051282
"2022-04-02T15:40:29","DosTel2",4.201505
"2022-04-02T15:42:09","DosTel2",6.411327
"2022-04-02T15:43:49","DosTel2",7.082192
"2022-04-02T15:45:00","DosTel2",9.39196466666667
"2022-04-02T15:45:29","DosTel2",9.315597
"2022-04-02T15:47:09","DosTel2",11.778105
"2022-04-02T15:48:49","DosTel2",10.321318
"2022-04-02T15:50:00","DosTel2",10.6473404358974
"2022-04-02T15:50:41","DosTel2",10.855292
"2022-04-02T15:52:21","DosTel2",10.804534
"2022-04-02T15:54:01","DosTel2",9.061576
"2022-04-02T15:55:00","DosTel2",9.14465564536741
"2022-04-02T15:55:41","DosTel2",10.121279
"2022-04-02T15:57:21","DosTel2",8.353909
"2022-04-02T15:59:14","DosTel2",5.937231
"2022-04-02T16:00:00","DosTel2",5.57317266666667
"2022-04-02T16:00:54","DosTel2",5.536509
"2022-04-02T16:02:34","DosTel2",5.245778
"2022-04-02T16:04:14","DosTel2",3.088602
"2022-04-02T16:05:00","DosTel2",2.84622020127796
"2022-04-02T16:05:54","DosTel2",3.187539
"2022-04-02T16:07:34","DosTel2",2.329671
"2022-04-02T16:09:27","DosTel2",2.314517
"2022-04-02T16:10:00","DosTel2",2.482421
"2022-04-02T16:11:07","DosTel2",2.001078
"2022-04-02T16:12:47","DosTel2",3.131668
"2022-04-02T16:14:27","DosTel2",3.006753
"2022-04-02T16:15:00","DosTel2",2.84658542811502
"2022-04-02T16:17:47","DosTel2",2.563103
"2022-04-02T16:19:40","DosTel2",2.611144
"2022-04-02T16:20:00","DosTel2",2.540557
"2022-04-02T16:21:20","DosTel2",2.46997
"2022-04-02T16:23:00","DosTel2",3.052951
"2022-04-02T16:24:40","DosTel2",2.973314
"2022-04-02T16:25:00","DosTel2",3.38866766666667
"2022-04-02T16:26:20","DosTel2",4.139738
"2022-04-02T16:28:00","DosTel2",4.40486
"2022-04-02T16:29:53","DosTel2",4.554969
"2022-04-02T16:30:00","DosTel2",4.91780376996805
"2022-04-02T16:31:33","DosTel2",5.860265
"2022-04-02T16:33:13","DosTel2",6.398522
"2022-04-02T16:34:53","DosTel2",6.698097
"2022-04-02T16:35:00","DosTel2",6.88421
"2022-04-02T16:36:33","DosTel2",7.556011
"2022-04-02T16:38:13","DosTel2",7.028025
"2022-04-02T16:40:00","DosTel2",7.49049400958466
"2022-04-02T16:40:06","DosTel2",7.17035
"2022-04-02T16:41:46","DosTel2",8.333228
"2022-04-02T16:43:26","DosTel2",7.955121
"2022-04-02T16:45:00","DosTel2",6.83644566666667
"2022-04-02T16:45:06","DosTel2",7.042672
"2022-04-02T16:46:46","DosTel2",5.511544
"2022-04-02T16:48:26","DosTel2",4.163597
"2022-04-02T16:50:00","DosTel2",3.47918613738019
"2022-04-02T16:50:19","DosTel2",3.421109
"2022-04-02T16:51:59","DosTel2",2.763879
"2022-04-02T16:53:39","DosTel2",2.595299
"2022-04-02T16:55:00","DosTel2",2.253595
"2022-04-02T16:55:19","DosTel2",2.127375
"2022-04-02T16:56:59","DosTel2",2.038111
"2022-04-02T16:58:39","DosTel2",1.73066
"2022-04-02T17:00:00","DosTel2",1.75480503631961
"2022-04-02T17:00:32","DosTel2",1.669907
"2022-04-02T17:02:12","DosTel2",1.810896
"2022-04-02T17:05:00","DosTel2",2.3248805
"2022-04-02T17:05:32","DosTel2",2.426213
"2022-04-02T17:07:12","DosTel2",2.223548
"2022-04-02T17:08:52","DosTel2",2.262884
"2022-04-02T17:10:00","DosTel2",3.45555835897436
"2022-04-02T17:10:44","DosTel2",4.38966
"2022-04-02T17:12:24","DosTel2",3.857252
"2022-04-02T17:14:04","DosTel2",5.05426
"2022-04-02T17:15:00","DosTel2",6.99735051282051
"2022-04-02T17:15:44","DosTel2",6.203688
"2022-04-02T17:17:24","DosTel2",9.44088
"2022-04-02T17:19:16","DosTel2",10.124503
"2022-04-02T17:20:00","DosTel2",10.9113006666667
"2022-04-02T17:20:56","DosTel2",11.207283
"2022-04-02T17:22:36","DosTel2",11.402116
"2022-04-02T17:24:16","DosTel2",11.549278
"2022-04-02T17:25:00","DosTel2",11.4293002051282
"2022-04-02T17:25:56","DosTel2",10.981082
"2022-04-02T17:27:36","DosTel2",11.722372
"2022-04-02T17:29:28","DosTel2",11.723662
"2022-04-02T17:30:00","DosTel2",10.58766
"2022-04-02T17:31:08","DosTel2",9.451658
"2022-04-02T17:32:48","DosTel2",7.335614
"2022-04-02T17:34:28","DosTel2",6.331643
"2022-04-02T17:35:00","DosTel2",5.97843933333333
"2022-04-02T17:36:08","DosTel2",4.268061
"2022-04-02T17:37:48","DosTel2",3.755045
"2022-04-02T17:39:40","DosTel2",2.766827
"2022-04-02T17:40:00","DosTel2",3.02649916666667
"2022-04-02T17:41:20","DosTel2",2.4702
"2022-04-02T17:43:00","DosTel2",2.621323
"2022-04-02T17:44:40","DosTel2",1.803066
"2022-04-02T17:45:00","DosTel2",2.38825612621359
"2022-04-02T17:46:20","DosTel2",2.554352
"2022-04-02T17:49:52","DosTel2",2.557115
"2022-04-02T17:50:00","DosTel2",2.4762795
"2022-04-02T17:51:32","DosTel2",2.395444
"2022-04-02T17:53:12","DosTel2",2.938216
"2022-04-02T17:54:52","DosTel2",2.578303
"2022-04-02T17:55:00","DosTel2",2.887642
"2022-04-02T17:56:32","DosTel2",3.146407
"2022-04-02T17:58:12","DosTel2",4.429225
"2022-04-02T18:00:00","DosTel2",5.15164455128205
"2022-04-02T18:00:04","DosTel2",4.676338
"2022-04-02T18:01:44","DosTel2",6.436061
"2022-04-02T18:03:24","DosTel2",7.825831
"2022-04-02T18:05:00","DosTel2",8.55731066666667
"2022-04-02T18:05:04","DosTel2",7.653797
"2022-04-02T18:06:44","DosTel2",10.192304
"2022-04-02T18:08:24","DosTel2",8.946564
"2022-04-02T18:10:00","DosTel2",9.44530745047923
"2022-04-02T18:10:17","DosTel2",9.376028
"2022-04-02T18:11:57","DosTel2",10.078167
"2022-04-02T18:13:37","DosTel2",8.692358
"2022-04-02T18:15:00","DosTel2",7.55630266666667
"2022-04-02T18:15:17","DosTel2",7.803584
"2022-04-02T18:16:57","DosTel2",6.172966
"2022-04-02T18:18:37","DosTel2",6.584605
"2022-04-02T18:20:00","DosTel2",5.4157692172524
"2022-04-02T18:20:30","DosTel2",4.55672
"2022-04-02T18:22:10","DosTel2",4.954034
"2022-04-02T18:23:50","DosTel2",3.149493
"2022-04-02T18:25:00","DosTel2",2.705766
"2022-04-02T18:25:30","DosTel2",2.361498
"2022-04-02T18:27:10","DosTel2",2.606307
"2022-04-02T18:28:50","DosTel2",1.754427
"2022-04-02T18:30:00","DosTel2",2.25437684025559
"2022-04-02T18:30:43","DosTel2",3.472282
"2022-04-02T18:32:23","DosTel2",1.601415
"2022-04-02T18:34:03","DosTel2",2.381626
"2022-04-02T18:35:00","DosTel2",1.89008392651757
"2022-04-02T18:35:43","DosTel2",1.659313
"2022-04-02T18:39:16","DosTel2",1.726008
"2022-04-02T18:40:00","DosTel2",2.12768233333333
"2022-04-02T18:40:56","DosTel2",2.205309
"2022-04-02T18:42:36","DosTel2",2.45173
"2022-04-02T18:44:16","DosTel2",3.759559
"2022-04-02T18:45:00","DosTel2",4.99325343450479
"2022-04-02T18:45:56","DosTel2",5.19981
"2022-04-02T18:47:36","DosTel2",5.902225
"2022-04-02T18:49:29","DosTel2",8.265013
"2022-04-02T18:50:00","DosTel2",8.686785
"2022-04-02T18:51:09","DosTel2",9.108557
"2022-04-02T18:52:49","DosTel2",11.74052
"2022-04-02T18:54:29","DosTel2",11.594832
"2022-04-02T18:55:00","DosTel2",12.072152
"2022-04-02T18:56:09","DosTel2",12.881104
"2022-04-02T18:57:49","DosTel2",11.646281
"2022-04-02T18:59:42","DosTel2",11.717582
"2022-04-02T19:00:00","DosTel2",11.7062030447284
"2022-04-02T19:01:22","DosTel2",11.762536
"2022-04-02T19:03:02","DosTel2",11.87893
"2022-04-02T19:04:42","DosTel2",9.957259
"2022-04-02T19:05:00","DosTel2",10.312689
"2022-04-02T19:06:22","DosTel2",9.101878
"2022-04-02T19:08:02","DosTel2",6.228607
"2022-04-02T19:09:54","DosTel2",4.915389
"2022-04-02T19:10:00","DosTel2",5.06284514102564
"2022-04-02T19:11:34","DosTel2",3.904648
"2022-04-02T19:13:14","DosTel2",3.018913
"2022-04-02T19:14:54","DosTel2",2.997725
"2022-04-02T19:15:00","DosTel2",2.99696670873786
"2022-04-02T19:16:34","DosTel2",2.986257
"2022-04-02T19:20:00","DosTel2",2.210214
"2022-04-02T19:20:06","DosTel2",2.415941
"2022-04-02T19:21:46","DosTel2",2.004487
"2022-04-02T19:23:26","DosTel2",1.958473
"2022-04-02T19:25:00","DosTel2",2.11478533333333
"2022-04-02T19:25:06","DosTel2",2.003059
"2022-04-02T19:26:46","DosTel2",2.382824
"2022-04-02T19:28:26","DosTel2",2.956962
"2022-04-02T19:30:00","DosTel2",3.4973261025641
"2022-04-02T19:30:18","DosTel2",3.071698
"2022-04-02T19:31:58","DosTel2",4.528162
"2022-04-02T19:33:38","DosTel2",5.031
"2022-04-02T19:35:00","DosTel2",6.48619
"2022-04-02T19:35:18","DosTel2",5.902502
"2022-04-02T19:36:58","DosTel2",8.525068
"2022-04-02T19:38:38","DosTel2",10.776713
"2022-04-02T19:40:00","DosTel2",11.2365312692308
"2022-04-02T19:40:30","DosTel2",10.25711
"2022-04-02T19:42:10","DosTel2",12.730949
"2022-04-02T19:43:50","DosTel2",10.996788
"2022-04-02T19:45:00","DosTel2",10.6928993333333
"2022-04-02T19:45:30","DosTel2",10.38313
"2022-04-02T19:47:10","DosTel2",10.69878
"2022-04-02T19:48:50","DosTel2",8.858036
"2022-04-02T19:50:00","DosTel2",7.44659112820513
"2022-04-02T19:50:42","DosTel2",7.664114
"2022-04-02T19:52:22","DosTel2",5.64825
"2022-04-02T19:54:02","DosTel2",5.262129
"2022-04-02T19:55:00","DosTel2",3.942478
"2022-04-02T19:55:42","DosTel2",3.858495
"2022-04-02T19:57:22","DosTel2",2.70681
"2022-04-02T19:59:02","DosTel2",2.359195
"2022-04-02T20:00:00","DosTel2",2.14378701277955
"2022-04-02T20:00:55","DosTel2",2.099923
"2022-04-02T20:02:35","DosTel2",1.94424
"2022-04-02T20:04:15","DosTel2",1.528917
"2022-04-02T20:05:00","DosTel2",1.69055478692494
"2022-04-02T20:05:55","DosTel2",1.883026
"2022-04-02T20:07:35","DosTel2",1.676079
"2022-04-02T20:10:00","DosTel2",2.915048
"2022-04-02T20:11:08","DosTel2",2.915048
"2022-04-02T20:12:48","DosTel2",2.609071
"2022-04-02T20:14:28","DosTel2",2.135804
"2022-04-02T20:15:00","DosTel2",2.77726666666667
"2022-04-02T20:16:08","DosTel2",3.586925
"2022-04-02T20:17:48","DosTel2",4.724701
"2022-04-02T20:19:41","DosTel2",4.82373
"2022-04-02T20:20:00","DosTel2",5.15951953035144
"2022-04-02T20:21:21","DosTel2",5.986654
"2022-04-02T20:23:01","DosTel2",7.300194
"2022-04-02T20:24:41","DosTel2",10.312198
"2022-04-02T20:25:00","DosTel2",9.92206933333333
"2022-04-02T20:26:21","DosTel2",12.153816
"2022-04-02T20:28:01","DosTel2",12.209549
"2022-04-02T20:29:54","DosTel2",11.876995
"2022-04-02T20:30:00","DosTel2",12.0720013961661
"2022-04-02T20:31:34","DosTel2",12.111579
"2022-04-02T20:33:14","DosTel2",10.735904
"2022-04-02T20:34:54","DosTel2",10.547334
"2022-04-02T20:35:00","DosTel2",11.260144
"2022-04-02T20:36:34","DosTel2",12.497194
"2022-04-02T20:38:14","DosTel2",10.369681
"2022-04-02T20:40:00","DosTel2",9.22720048881789
"2022-04-02T20:40:07","DosTel2",9.239966
"2022-04-02T20:41:47","DosTel2",7.923432
"2022-04-02T20:43:27","DosTel2",6.28609
"2022-04-02T20:45:00","DosTel2",4.96062
"2022-04-02T20:45:07","DosTel2",4.970016
"2022-04-02T20:46:47","DosTel2",3.625754
"2022-04-02T20:48:27","DosTel2",2.248098
"2022-04-02T20:50:00","DosTel2",2.33743697763578
"2022-04-02T20:52:00","DosTel2",2.527729
"2022-04-02T20:53:40","DosTel2",1.798
"2022-04-02T20:55:00","DosTel2",1.92300666666667
"2022-04-02T20:55:20","DosTel2",1.959716
"2022-04-02T20:57:00","DosTel2",2.011304
"2022-04-02T20:58:40","DosTel2",2.553799
"2022-04-02T21:00:00","DosTel2",2.41447088498403
"2022-04-02T21:00:33","DosTel2",2.01135
"2022-04-02T21:02:13","DosTel2",2.660151
"2022-04-02T21:03:53","DosTel2",2.98142
"2022-04-02T21:05:00","DosTel2",3.88479566666667
"2022-04-02T21:05:33","DosTel2",3.722849
"2022-04-02T21:07:13","DosTel2",4.950118
"2022-04-02T21:08:53","DosTel2",5.420806
"2022-04-02T21:10:00","DosTel2",8.02995952564103
"2022-04-02T21:10:45","DosTel2",7.816619
"2022-04-02T21:12:25","DosTel2",11.165552
"2022-04-02T21:14:05","DosTel2",11.620948
"2022-04-02T21:15:00","DosTel2",11.0702490897436
"2022-04-02T21:15:45","DosTel2",11.382909
"2022-04-02T21:17:25","DosTel2",10.299393
"2022-04-02T21:19:17","DosTel2",11.020141
"2022-04-02T21:20:00","DosTel2",10.677838
"2022-04-02T21:20:57","DosTel2",10.857503
"2022-04-02T21:22:37","DosTel2",10.15587
"2022-04-02T21:24:17","DosTel2",7.52727
"2022-04-02T21:25:00","DosTel2",6.09485175641026
"2022-04-02T21:25:57","DosTel2",6.578387
"2022-04-02T21:27:37","DosTel2",4.384179
"2022-04-02T21:29:29","DosTel2",3.784938
"2022-04-02T21:30:00","DosTel2",3.315701
"2022-04-02T21:31:09","DosTel2",2.846464
"2022-04-02T21:32:49","DosTel2",2.031662
"2022-04-02T21:34:29","DosTel2",2.217238
"2022-04-02T21:35:00","DosTel2",1.97253633333333
"2022-04-02T21:36:09","DosTel2",1.668709
"2022-04-02T21:37:49","DosTel2",2.364031
"2022-04-02T21:39:41","DosTel2",2.185733
"2022-04-02T21:40:00","DosTel2",2.24973741025641
"2022-04-02T21:43:01","DosTel2",1.883487
"2022-04-02T21:44:41","DosTel2",2.446479
"2022-04-02T21:45:00","DosTel2",2.57358933333333
"2022-04-02T21:46:21","DosTel2",3.390802
"2022-04-02T21:48:01","DosTel2",3.359297
"2022-04-02T21:49:53","DosTel2",3.299234
"2022-04-02T21:50:00","DosTel2",3.82044347435897
"2022-04-02T21:51:33","DosTel2",4.858137
"2022-04-02T21:53:13","DosTel2",6.392535
"2022-04-02T21:54:53","DosTel2",5.901995
"2022-04-02T21:55:00","DosTel2",6.52508
"2022-04-02T21:56:33","DosTel2",7.28071
"2022-04-02T21:58:13","DosTel2",7.959313
"2022-04-02T22:00:00","DosTel2",10.1595803076923
"2022-04-02T22:00:05","DosTel2",11.145792
"2022-04-02T22:01:45","DosTel2",11.637668
"2022-04-02T22:03:25","DosTel2",13.240465
"2022-04-02T22:05:00","DosTel2",12.653276
"2022-04-02T22:05:05","DosTel2",13.793231
"2022-04-02T22:06:45","DosTel2",10.926132
"2022-04-02T22:08:25","DosTel2",12.16312
"2022-04-02T22:10:00","DosTel2",11.6621254313099
"2022-04-02T22:10:18","DosTel2",11.392674
"2022-04-02T22:11:58","DosTel2",11.365453
"2022-04-02T22:13:38","DosTel2",9.896552
"2022-04-02T22:15:00","DosTel2",7.941718
"2022-04-02T22:15:18","DosTel2",7.452468
"2022-04-02T22:16:58","DosTel2",6.476134
"2022-04-02T22:18:38","DosTel2",5.316941
"2022-04-02T22:20:00","DosTel2",3.83598508945687
"2022-04-02T22:20:31","DosTel2",2.999245
"2022-04-02T22:23:51","DosTel2",2.178456
"2022-04-02T22:25:00","DosTel2",1.969343
"2022-04-02T22:25:31","DosTel2",2.019963
"2022-04-02T22:27:11","DosTel2",1.70961
"2022-04-02T22:28:51","DosTel2",1.802329
"2022-04-02T22:30:00","DosTel2",1.943025485623
"2022-04-02T22:30:44","DosTel2",2.378356
"2022-04-02T22:32:24","DosTel2",1.666682
"2022-04-02T22:34:04","DosTel2",2.399958
"2022-04-02T22:35:00","DosTel2",2.60087967412141
"2022-04-02T22:35:44","DosTel2",2.357998
"2022-04-02T22:37:24","DosTel2",2.993626
"2022-04-02T22:39:17","DosTel2",3.341195
"2022-04-02T22:40:00","DosTel2",4.03426033333333
"2022-04-02T22:40:57","DosTel2",4.244847
"2022-04-02T22:42:37","DosTel2",4.516739
"2022-04-02T22:44:17","DosTel2",6.237773
"2022-04-02T22:45:00","DosTel2",8.61790853354633
"2022-04-02T22:45:57","DosTel2",10.018381
"2022-04-02T22:47:37","DosTel2",9.484867
"2022-04-02T22:49:30","DosTel2",10.428684
"2022-04-02T22:50:00","DosTel2",11.290974
"2022-04-02T22:51:10","DosTel2",12.153264
"2022-04-02T22:52:50","DosTel2",11.845721
"2022-04-02T22:54:30","DosTel2",12.116554
"2022-04-02T22:55:00","DosTel2",11.7260876666667
"2022-04-02T22:56:10","DosTel2",11.215988
"2022-04-02T22:57:50","DosTel2",10.816187
"2022-04-02T22:59:43","DosTel2",6.630389
"2022-04-02T23:00:00","DosTel2",7.58926176038339
"2022-04-02T23:01:23","DosTel2",4.901709
"2022-04-02T23:03:03","DosTel2",3.576332
"2022-04-02T23:04:43","DosTel2",3.158982
"2022-04-02T23:05:00","DosTel2",3.251578
"2022-04-02T23:06:23","DosTel2",3.01942
"2022-04-02T23:08:03","DosTel2",2.390194
"2022-04-02T23:09:55","DosTel2",1.855943
"2022-04-02T23:10:00","DosTel2",2.13598016504854
"2022-04-02T23:11:35","DosTel2",2.133639
"2022-04-02T23:14:55","DosTel2",2.043131
"2022-04-02T23:15:00","DosTel2",2.192711
"2022-04-02T23:16:35","DosTel2",2.342291
"2022-04-02T23:18:15","DosTel2",3.283067
"2022-04-02T23:20:00","DosTel2",3.39396571794872
"2022-04-02T23:20:07","DosTel2",3.753018
"2022-04-02T23:21:47","DosTel2",3.15912
"2022-04-02T23:23:27","DosTel2",4.034307
"2022-04-02T23:25:00","DosTel2",5.04897866666667
"2022-04-02T23:25:07","DosTel2",6.066061
"2022-04-02T23:26:47","DosTel2",5.046568
"2022-04-02T23:28:27","DosTel2",7.034519
"2022-04-02T23:30:00","DosTel2",8.14469912820513
"2022-04-02T23:30:19","DosTel2",7.906574
"2022-04-02T23:31:59","DosTel2",9.626226
"2022-04-02T23:33:39","DosTel2",9.658376
"2022-04-02T23:35:00","DosTel2",10.824002
"2022-04-02T23:35:19","DosTel2",11.746646
"2022-04-02T23:36:59","DosTel2",11.066984
"2022-04-02T23:38:39","DosTel2",12.739654
"2022-04-02T23:40:00","DosTel2",12.0235235512821
"2022-04-02T23:40:31","DosTel2",11.189365
"2022-04-02T23:42:11","DosTel2",12.055616
"2022-04-02T23:43:51","DosTel2",13.206288
"2022-04-02T23:45:00","DosTel2",11.0333443333333
"2022-04-02T23:45:31","DosTel2",11.222022
"2022-04-02T23:47:11","DosTel2",8.671723
"2022-04-02T23:48:51","DosTel2",7.917076
"2022-04-02T23:50:00","DosTel2",5.9963868974359
"2022-04-02T23:50:43","DosTel2",5.697949
"2022-04-02T23:52:23","DosTel2",4.143653
"2022-04-02T23:54:03","DosTel2",3.582412
"2022-04-02T23:55:00","DosTel2",2.70018751815981
"2022-04-02T23:55:43","DosTel2",2.512391
"2022-04-02T23:57:23","DosTel2",2.374165
