instrument_id,day,timestamp_as_recorded,timezone_convention,on_five_minute_boundary_as_recorded,source_file,source_rows_json,rates_microgray_per_hour_json,source_url,sha256
DosTel1,2022-03-01,2022-03-01T09:15:00,not_supplied,True,dostel1-2022-03-01.csv,"[465, 466]","[""10.1122485512821"", ""9.853933""]",https://visualization.osdr.nasa.gov/radlab/api/?instrument_id=DosTel1&timestamp%3E=2022-03-01T00%3A00&timestamp%3C2022-03-02T00%3A00&absorbed_dose_rate&format=csv,d3f64e7f483c3ae2f08bb5e6633bae5091e661a988c434205ce6bb78c050f7e1
DosTel1,2022-03-01,2022-03-01T09:20:00,not_supplied,True,dostel1-2022-03-01.csv,"[469, 470]","[""5.61126966666667"", ""4.474783""]",https://visualization.osdr.nasa.gov/radlab/api/?instrument_id=DosTel1&timestamp%3E=2022-03-01T00%3A00&timestamp%3C2022-03-02T00%3A00&absorbed_dose_rate&format=csv,d3f64e7f483c3ae2f08bb5e6633bae5091e661a988c434205ce6bb78c050f7e1
DosTel1,2022-03-01,2022-03-01T18:25:00,not_supplied,True,dostel1-2022-03-01.csv,"[947, 948]","[""5.46090767412141"", ""5.312235""]",https://visualization.osdr.nasa.gov/radlab/api/?instrument_id=DosTel1&timestamp%3E=2022-03-01T00%3A00&timestamp%3C2022-03-02T00%3A00&absorbed_dose_rate&format=csv,d3f64e7f483c3ae2f08bb5e6633bae5091e661a988c434205ce6bb78c050f7e1
DosTel1,2022-03-01,2022-03-01T18:30:00,not_supplied,True,dostel1-2022-03-01.csv,"[951, 952]","[""6.03754233333333"", ""5.625719""]",https://visualization.osdr.nasa.gov/radlab/api/?instrument_id=DosTel1&timestamp%3E=2022-03-01T00%3A00&timestamp%3C2022-03-02T00%3A00&absorbed_dose_rate&format=csv,d3f64e7f483c3ae2f08bb5e6633bae5091e661a988c434205ce6bb78c050f7e1
DosTel1,2022-04-01,2022-04-01T04:45:00,not_supplied,True,dostel1-2022-04-01.csv,"[261, 262]","[""1.64210533333333"", ""1.695922""]",https://visualization.osdr.nasa.gov/radlab/api/?instrument_id=DosTel1&timestamp%3E=2022-04-01T00%3A00&timestamp%3C2022-04-02T00%3A00&absorbed_dose_rate&format=csv,d2f517eec5129528a1661b972193201676521906464e3d3e9f021794c7ed3441
DosTel1,2022-04-01,2022-04-01T09:10:00,not_supplied,True,dostel1-2022-04-01.csv,"[486, 487]","[""6.10317033333333"", ""6.685863""]",https://visualization.osdr.nasa.gov/radlab/api/?instrument_id=DosTel1&timestamp%3E=2022-04-01T00%3A00&timestamp%3C2022-04-02T00%3A00&absorbed_dose_rate&format=csv,d2f517eec5129528a1661b972193201676521906464e3d3e9f021794c7ed3441
DosTel1,2022-04-01,2022-04-01T09:15:00,not_supplied,True,dostel1-2022-04-01.csv,"[490, 491]","[""2.99937726837061"", ""2.698345""]",https://visualization.osdr.nasa.gov/radlab/api/?instrument_id=DosTel1&timestamp%3E=2022-04-01T00%3A00&timestamp%3C2022-04-02T00%3A00&absorbed_dose_rate&format=csv,d2f517eec5129528a1661b972193201676521906464e3d3e9f021794c7ed3441
DosTel1,2022-04-02,2022-04-02T01:45:00,not_supplied,True,dostel1-2022-04-02.csv,"[87, 88]","[""39.4006318522727"", ""45.520525""]",https://visualization.osdr.nasa.gov/radlab/api/?instrument_id=DosTel1&timestamp%3E=2022-04-02T00%3A00&timestamp%3C2022-04-03T00%3A00&absorbed_dose_rate&format=csv,f45d3798eb68cd3511ea1c3d63c7c492f101135381f068e25b0553057e185f7b
DosTel1,2022-04-02,2022-04-02T04:20:00,not_supplied,True,dostel1-2022-04-02.csv,"[233, 234]","[""7.976401"", ""8.13568""]",https://visualization.osdr.nasa.gov/radlab/api/?instrument_id=DosTel1&timestamp%3E=2022-04-02T00%3A00&timestamp%3C2022-04-03T00%3A00&absorbed_dose_rate&format=csv,f45d3798eb68cd3511ea1c3d63c7c492f101135381f068e25b0553057e185f7b
DosTel1,2022-04-02,2022-04-02T04:25:00,not_supplied,True,dostel1-2022-04-02.csv,"[237, 238]","[""6.73020805111821"", ""6.301909""]",https://visualization.osdr.nasa.gov/radlab/api/?instrument_id=DosTel1&timestamp%3E=2022-04-02T00%3A00&timestamp%3C2022-04-03T00%3A00&absorbed_dose_rate&format=csv,f45d3798eb68cd3511ea1c3d63c7c492f101135381f068e25b0553057e185f7b
DosTel1,2022-04-02,2022-04-02T11:30:00,not_supplied,True,dostel1-2022-04-02.csv,"[599, 600]","[""65.0621378292683"", ""77.902447""]",https://visualization.osdr.nasa.gov/radlab/api/?instrument_id=DosTel1&timestamp%3E=2022-04-02T00%3A00&timestamp%3C2022-04-03T00%3A00&absorbed_dose_rate&format=csv,f45d3798eb68cd3511ea1c3d63c7c492f101135381f068e25b0553057e185f7b
DosTel2,2022-04-02,2022-04-02T13:05:00,not_supplied,True,dostel2-2022-04-02.csv,"[675, 676]","[""242.359033"", ""269.134563""]",https://visualization.osdr.nasa.gov/radlab/api/?instrument_id=DosTel2&timestamp%3E=2022-04-02T00%3A00&timestamp%3C2022-04-03T00%3A00&absorbed_dose_rate&format=csv,b1c9b1477cdb0b2e5e40baf3577cee13254ccf4926c59c83866f6537c005fbe3
DosTel1,2022-04-03,2022-04-03T02:30:00,not_supplied,True,dostel1-2022-04-03.csv,"[131, 132]","[""283.136608814696"", ""316.611862""]",https://visualization.osdr.nasa.gov/radlab/api/?instrument_id=DosTel1&timestamp%3E=2022-04-03T00%3A00&timestamp%3C2022-04-04T00%3A00&absorbed_dose_rate&format=csv,6a90d086a937ab43848596f60e5e82f0f41a27d19a5e6b415a09f91831c4141e
DosTel1,2022-04-03,2022-04-03T08:20:00,not_supplied,True,dostel1-2022-04-03.csv,"[434, 435]","[""3.21711033333333"", ""2.740921""]",https://visualization.osdr.nasa.gov/radlab/api/?instrument_id=DosTel1&timestamp%3E=2022-04-03T00%3A00&timestamp%3C2022-04-04T00%3A00&absorbed_dose_rate&format=csv,6a90d086a937ab43848596f60e5e82f0f41a27d19a5e6b415a09f91831c4141e
DosTel1,2022-04-03,2022-04-03T08:25:00,not_supplied,True,dostel1-2022-04-03.csv,"[438, 439]","[""2.93439095207668"", ""3.801606""]",https://visualization.osdr.nasa.gov/radlab/api/?instrument_id=DosTel1&timestamp%3E=2022-04-03T00%3A00&timestamp%3C2022-04-04T00%3A00&absorbed_dose_rate&format=csv,6a90d086a937ab43848596f60e5e82f0f41a27d19a5e6b415a09f91831c4141e
DosTel1,2022-04-03,2022-04-03T18:00:00,not_supplied,True,dostel1-2022-04-03.csv,"[922, 923]","[""6.27738944728435"", ""5.818585""]",https://visualization.osdr.nasa.gov/radlab/api/?instrument_id=DosTel1&timestamp%3E=2022-04-03T00%3A00&timestamp%3C2022-04-04T00%3A00&absorbed_dose_rate&format=csv,6a90d086a937ab43848596f60e5e82f0f41a27d19a5e6b415a09f91831c4141e
DosTel1,2022-04-03,2022-04-03T18:05:00,not_supplied,True,dostel1-2022-04-03.csv,"[926, 927]","[""11.3696196134185"", ""12.758821""]",https://visualization.osdr.nasa.gov/radlab/api/?instrument_id=DosTel1&timestamp%3E=2022-04-03T00%3A00&timestamp%3C2022-04-04T00%3A00&absorbed_dose_rate&format=csv,6a90d086a937ab43848596f60e5e82f0f41a27d19a5e6b415a09f91831c4141e
DosTel1,2022-04-03,2022-04-03T19:25:00,not_supplied,True,dostel1-2022-04-03.csv,"[987, 988]","[""2.26705294871795"", ""1.87457""]",https://visualization.osdr.nasa.gov/radlab/api/?instrument_id=DosTel1&timestamp%3E=2022-04-03T00%3A00&timestamp%3C2022-04-04T00%3A00&absorbed_dose_rate&format=csv,6a90d086a937ab43848596f60e5e82f0f41a27d19a5e6b415a09f91831c4141e
DosTel2,2022-04-03,2022-04-03T20:50:00,not_supplied,True,dostel2-2022-04-03.csv,"[1049, 1050]","[""2.01526097435897"", ""1.884408""]",https://visualization.osdr.nasa.gov/radlab/api/?instrument_id=DosTel2&timestamp%3E=2022-04-03T00%3A00&timestamp%3C2022-04-04T00%3A00&absorbed_dose_rate&format=csv,2fee100e5d332d0ffc08894dd3bbfc51f9f583909610c2e11596f652ba07da37
DosTel2,2022-04-03,2022-04-03T20:55:00,not_supplied,True,dostel2-2022-04-03.csv,"[1052, 1053]","[""2.06152466666667"", ""1.846501""]",https://visualization.osdr.nasa.gov/radlab/api/?instrument_id=DosTel2&timestamp%3E=2022-04-03T00%3A00&timestamp%3C2022-04-04T00%3A00&absorbed_dose_rate&format=csv,2fee100e5d332d0ffc08894dd3bbfc51f9f583909610c2e11596f652ba07da37
DosTel2,2022-04-03,2022-04-03T23:30:00,not_supplied,True,dostel2-2022-04-03.csv,"[1171, 1172]","[""5.5725422428115"", ""6.029535""]",https://visualization.osdr.nasa.gov/radlab/api/?instrument_id=DosTel2&timestamp%3E=2022-04-03T00%3A00&timestamp%3C2022-04-04T00%3A00&absorbed_dose_rate&format=csv,2fee100e5d332d0ffc08894dd3bbfc51f9f583909610c2e11596f652ba07da37
DosTel2,2022-04-03,2022-04-03T23:35:00,not_supplied,True,dostel2-2022-04-03.csv,"[1175, 1176]","[""9.86365"", ""10.59929""]",https://visualization.osdr.nasa.gov/radlab/api/?instrument_id=DosTel2&timestamp%3E=2022-04-03T00%3A00&timestamp%3C2022-04-04T00%3A00&absorbed_dose_rate&format=csv,2fee100e5d332d0ffc08894dd3bbfc51f9f583909610c2e11596f652ba07da37
DosTel1,2022-04-04,2022-04-04T03:00:00,not_supplied,True,dostel1-2022-04-04.csv,"[160, 161]","[""3.33980852564103"", ""3.614536""]",https://visualization.osdr.nasa.gov/radlab/api/?instrument_id=DosTel1&timestamp%3E=2022-04-04T00%3A00&timestamp%3C2022-04-05T00%3A00&absorbed_dose_rate&format=csv,b36e3c304d07861d782b572f73e5287dc4dd11924f36b1c18f1ff303e7cb942f
DosTel1,2022-04-04,2022-04-04T05:40:00,not_supplied,True,dostel1-2022-04-04.csv,"[321, 322]","[""4.81137884345048"", ""5.116355""]",https://visualization.osdr.nasa.gov/radlab/api/?instrument_id=DosTel1&timestamp%3E=2022-04-04T00%3A00&timestamp%3C2022-04-05T00%3A00&absorbed_dose_rate&format=csv,b36e3c304d07861d782b572f73e5287dc4dd11924f36b1c18f1ff303e7cb942f
DosTel1,2022-04-04,2022-04-04T05:45:00,not_supplied,True,dostel1-2022-04-04.csv,"[325, 326]","[""5.90604142172524"", ""6.686559""]",https://visualization.osdr.nasa.gov/radlab/api/?instrument_id=DosTel1&timestamp%3E=2022-04-04T00%3A00&timestamp%3C2022-04-05T00%3A00&absorbed_dose_rate&format=csv,b36e3c304d07861d782b572f73e5287dc4dd11924f36b1c18f1ff303e7cb942f
DosTel1,2022-04-04,2022-04-04T17:20:00,not_supplied,True,dostel1-2022-04-04.csv,"[894, 895]","[""11.5093426282051"", ""11.277169""]",https://visualization.osdr.nasa.gov/radlab/api/?instrument_id=DosTel1&timestamp%3E=2022-04-04T00%3A00&timestamp%3C2022-04-05T00%3A00&absorbed_dose_rate&format=csv,b36e3c304d07861d782b572f73e5287dc4dd11924f36b1c18f1ff303e7cb942f
DosTel1,2022-04-04,2022-04-04T17:25:00,not_supplied,True,dostel1-2022-04-04.csv,"[898, 899]","[""11.087497"", ""11.178804""]",https://visualization.osdr.nasa.gov/radlab/api/?instrument_id=DosTel1&timestamp%3E=2022-04-04T00%3A00&timestamp%3C2022-04-05T00%3A00&absorbed_dose_rate&format=csv,b36e3c304d07861d782b572f73e5287dc4dd11924f36b1c18f1ff303e7cb942f
DosTel2,2022-04-04,2022-04-04T08:30:00,not_supplied,True,dostel2-2022-04-04.csv,"[434, 435]","[""2.44715456410256"", ""2.226404""]",https://visualization.osdr.nasa.gov/radlab/api/?instrument_id=DosTel2&timestamp%3E=2022-04-04T00%3A00&timestamp%3C2022-04-05T00%3A00&absorbed_dose_rate&format=csv,98e0f397a4ea06fcc055195d7e6d65a65582be9423cdc837b44feb0c81436452
DosTel2,2022-04-04,2022-04-04T08:35:00,not_supplied,True,dostel2-2022-04-04.csv,"[438, 439]","[""1.87998666666667"", ""1.721448""]",https://visualization.osdr.nasa.gov/radlab/api/?instrument_id=DosTel2&timestamp%3E=2022-04-04T00%3A00&timestamp%3C2022-04-05T00%3A00&absorbed_dose_rate&format=csv,98e0f397a4ea06fcc055195d7e6d65a65582be9423cdc837b44feb0c81436452
DosTel2,2022-04-04,2022-04-04T09:50:00,not_supplied,True,dostel2-2022-04-04.csv,"[496, 497]","[""13.900107341853"", ""12.389828""]",https://visualization.osdr.nasa.gov/radlab/api/?instrument_id=DosTel2&timestamp%3E=2022-04-04T00%3A00&timestamp%3C2022-04-05T00%3A00&absorbed_dose_rate&format=csv,98e0f397a4ea06fcc055195d7e6d65a65582be9423cdc837b44feb0c81436452
DosTel2,2022-04-04,2022-04-04T09:55:00,not_supplied,True,dostel2-2022-04-04.csv,"[500, 501]","[""23.591046"", ""29.193037""]",https://visualization.osdr.nasa.gov/radlab/api/?instrument_id=DosTel2&timestamp%3E=2022-04-04T00%3A00&timestamp%3C2022-04-05T00%3A00&absorbed_dose_rate&format=csv,98e0f397a4ea06fcc055195d7e6d65a65582be9423cdc837b44feb0c81436452
DosTel2,2022-04-04,2022-04-04T12:20:00,not_supplied,True,dostel2-2022-04-04.csv,"[631, 632]","[""1.81623326517572"", ""1.649041""]",https://visualization.osdr.nasa.gov/radlab/api/?instrument_id=DosTel2&timestamp%3E=2022-04-04T00%3A00&timestamp%3C2022-04-05T00%3A00&absorbed_dose_rate&format=csv,98e0f397a4ea06fcc055195d7e6d65a65582be9423cdc837b44feb0c81436452
DosTel1,2022-04-05,2022-04-05T23:35:00,not_supplied,True,dostel1-2022-04-05.csv,"[1184, 1185]","[""10.316703"", ""10.385551""]",https://visualization.osdr.nasa.gov/radlab/api/?instrument_id=DosTel1&timestamp%3E=2022-04-05T00%3A00&timestamp%3C2022-04-06T00%3A00&absorbed_dose_rate&format=csv,c01158fff753094433b808fff766254af9df32efc73c4a0048ca983f8e914ac1
DosTel1,2022-04-05,2022-04-05T23:40:00,not_supplied,True,dostel1-2022-04-05.csv,"[1188, 1189]","[""11.3549327316294"", ""10.962989""]",https://visualization.osdr.nasa.gov/radlab/api/?instrument_id=DosTel1&timestamp%3E=2022-04-05T00%3A00&timestamp%3C2022-04-06T00%3A00&absorbed_dose_rate&format=csv,c01158fff753094433b808fff766254af9df32efc73c4a0048ca983f8e914ac1
DosTel2,2022-04-05,2022-04-05T14:25:00,not_supplied,True,dostel2-2022-04-05.csv,"[752, 753]","[""5.36964866666667"", ""5.126989""]",https://visualization.osdr.nasa.gov/radlab/api/?instrument_id=DosTel2&timestamp%3E=2022-04-05T00%3A00&timestamp%3C2022-04-06T00%3A00&absorbed_dose_rate&format=csv,b27e893317dfa1fce278707239560a7726af86919e5a9492f64311178002dfad
DosTel2,2022-04-05,2022-04-05T14:30:00,not_supplied,True,dostel2-2022-04-05.csv,"[756, 757]","[""2.7468748913738"", ""2.595621""]",https://visualization.osdr.nasa.gov/radlab/api/?instrument_id=DosTel2&timestamp%3E=2022-04-05T00%3A00&timestamp%3C2022-04-06T00%3A00&absorbed_dose_rate&format=csv,b27e893317dfa1fce278707239560a7726af86919e5a9492f64311178002dfad
DosTel1,2022-04-06,2022-04-06T11:15:00,not_supplied,True,dostel1-2022-04-06.csv,"[593, 594]","[""4.66515"", ""4.523308""]",https://visualization.osdr.nasa.gov/radlab/api/?instrument_id=DosTel1&timestamp%3E=2022-04-06T00%3A00&timestamp%3C2022-04-07T00%3A00&absorbed_dose_rate&format=csv,8e3923756ea58e6cb92bd0010dd30a5f626abcfd401be8c15349856e28a1772f
DosTel1,2022-04-06,2022-04-06T11:20:00,not_supplied,True,dostel1-2022-04-06.csv,"[597, 598]","[""5.57714827795527"", ""3.967041""]",https://visualization.osdr.nasa.gov/radlab/api/?instrument_id=DosTel1&timestamp%3E=2022-04-06T00%3A00&timestamp%3C2022-04-07T00%3A00&absorbed_dose_rate&format=csv,8e3923756ea58e6cb92bd0010dd30a5f626abcfd401be8c15349856e28a1772f
DosTel2,2022-04-06,2022-04-06T17:45:00,not_supplied,True,dostel2-2022-04-06.csv,"[907, 908]","[""2.28090866666667"", ""2.530861""]",https://visualization.osdr.nasa.gov/radlab/api/?instrument_id=DosTel2&timestamp%3E=2022-04-06T00%3A00&timestamp%3C2022-04-07T00%3A00&absorbed_dose_rate&format=csv,548b3e1677412eb2209434cdf98fa37cecf85b62052ede6261f4248cb01f0232
DosTel2,2022-04-06,2022-04-06T17:50:00,not_supplied,True,dostel2-2022-04-06.csv,"[911, 912]","[""2.63745288461538"", ""2.469325""]",https://visualization.osdr.nasa.gov/radlab/api/?instrument_id=DosTel2&timestamp%3E=2022-04-06T00%3A00&timestamp%3C2022-04-07T00%3A00&absorbed_dose_rate&format=csv,548b3e1677412eb2209434cdf98fa37cecf85b62052ede6261f4248cb01f0232
DosTel2,2022-04-06,2022-04-06T19:05:00,not_supplied,True,dostel2-2022-04-06.csv,"[969, 970]","[""7.32156566666667"", ""6.76645""]",https://visualization.osdr.nasa.gov/radlab/api/?instrument_id=DosTel2&timestamp%3E=2022-04-06T00%3A00&timestamp%3C2022-04-07T00%3A00&absorbed_dose_rate&format=csv,548b3e1677412eb2209434cdf98fa37cecf85b62052ede6261f4248cb01f0232
DosTel2,2022-04-06,2022-04-06T19:10:00,not_supplied,True,dostel2-2022-04-06.csv,"[973, 974]","[""3.15442708306709"", ""3.454365""]",https://visualization.osdr.nasa.gov/radlab/api/?instrument_id=DosTel2&timestamp%3E=2022-04-06T00%3A00&timestamp%3C2022-04-07T00%3A00&absorbed_dose_rate&format=csv,548b3e1677412eb2209434cdf98fa37cecf85b62052ede6261f4248cb01f0232
DosTel1,2022-04-07,2022-04-07T03:25:00,not_supplied,True,dostel1-2022-04-07.csv,"[208, 209]","[""6.204832"", ""5.562049""]",https://visualization.osdr.nasa.gov/radlab/api/?instrument_id=DosTel1&timestamp%3E=2022-04-07T00%3A00&timestamp%3C2022-04-08T00%3A00&absorbed_dose_rate&format=csv,df0dd26da364bfd5e3b2412bd6361925746408346f20cbcb66e697f0eb032539
DosTel1,2022-04-07,2022-04-07T03:30:00,not_supplied,True,dostel1-2022-04-07.csv,"[212, 213]","[""6.90816821405751"", ""7.182246""]",https://visualization.osdr.nasa.gov/radlab/api/?instrument_id=DosTel1&timestamp%3E=2022-04-07T00%3A00&timestamp%3C2022-04-08T00%3A00&absorbed_dose_rate&format=csv,df0dd26da364bfd5e3b2412bd6361925746408346f20cbcb66e697f0eb032539
DosTel1,2022-04-07,2022-04-07T04:45:00,not_supplied,True,dostel1-2022-04-07.csv,"[269, 270]","[""2.304217"", ""2.706691""]",https://visualization.osdr.nasa.gov/radlab/api/?instrument_id=DosTel1&timestamp%3E=2022-04-07T00%3A00&timestamp%3C2022-04-08T00%3A00&absorbed_dose_rate&format=csv,df0dd26da364bfd5e3b2412bd6361925746408346f20cbcb66e697f0eb032539
DosTel1,2022-04-07,2022-04-07T04:50:00,not_supplied,True,dostel1-2022-04-07.csv,"[273, 274]","[""3.54585647435897"", ""3.927479""]",https://visualization.osdr.nasa.gov/radlab/api/?instrument_id=DosTel1&timestamp%3E=2022-04-07T00%3A00&timestamp%3C2022-04-08T00%3A00&absorbed_dose_rate&format=csv,df0dd26da364bfd5e3b2412bd6361925746408346f20cbcb66e697f0eb032539
DosTel2,2022-04-07,2022-04-07T00:25:00,not_supplied,True,dostel2-2022-04-07.csv,"[21, 22]","[""11.3223096666667"", ""10.374563""]",https://visualization.osdr.nasa.gov/radlab/api/?instrument_id=DosTel2&timestamp%3E=2022-04-07T00%3A00&timestamp%3C2022-04-08T00%3A00&absorbed_dose_rate&format=csv,b96bfbf80a2cc55e0b831d3ffa9c6ca2c776be3d2833634e116cbce67bec364f
DosTel2,2022-04-07,2022-04-07T00:30:00,not_supplied,True,dostel2-2022-04-07.csv,"[25, 26]","[""8.92838112460064"", ""10.745254""]",https://visualization.osdr.nasa.gov/radlab/api/?instrument_id=DosTel2&timestamp%3E=2022-04-07T00%3A00&timestamp%3C2022-04-08T00%3A00&absorbed_dose_rate&format=csv,b96bfbf80a2cc55e0b831d3ffa9c6ca2c776be3d2833634e116cbce67bec364f
DosTel2,2022-04-07,2022-04-07T04:15:00,not_supplied,True,dostel2-2022-04-07.csv,"[242, 243]","[""7.726664"", ""8.463164""]",https://visualization.osdr.nasa.gov/radlab/api/?instrument_id=DosTel2&timestamp%3E=2022-04-07T00%3A00&timestamp%3C2022-04-08T00%3A00&absorbed_dose_rate&format=csv,b96bfbf80a2cc55e0b831d3ffa9c6ca2c776be3d2833634e116cbce67bec364f
DosTel2,2022-04-07,2022-04-07T04:20:00,not_supplied,True,dostel2-2022-04-07.csv,"[246, 247]","[""7.26250408974359"", ""7.19748""]",https://visualization.osdr.nasa.gov/radlab/api/?instrument_id=DosTel2&timestamp%3E=2022-04-07T00%3A00&timestamp%3C2022-04-08T00%3A00&absorbed_dose_rate&format=csv,b96bfbf80a2cc55e0b831d3ffa9c6ca2c776be3d2833634e116cbce67bec364f
DosTel2,2022-04-07,2022-04-07T15:45:00,not_supplied,True,dostel2-2022-04-07.csv,"[813, 814]","[""8.396438"", ""8.047426""]",https://visualization.osdr.nasa.gov/radlab/api/?instrument_id=DosTel2&timestamp%3E=2022-04-07T00%3A00&timestamp%3C2022-04-08T00%3A00&absorbed_dose_rate&format=csv,b96bfbf80a2cc55e0b831d3ffa9c6ca2c776be3d2833634e116cbce67bec364f
DosTel2,2022-04-07,2022-04-07T15:50:00,not_supplied,True,dostel2-2022-04-07.csv,"[817, 818]","[""8.61787433333333"", ""8.179296""]",https://visualization.osdr.nasa.gov/radlab/api/?instrument_id=DosTel2&timestamp%3E=2022-04-07T00%3A00&timestamp%3C2022-04-08T00%3A00&absorbed_dose_rate&format=csv,b96bfbf80a2cc55e0b831d3ffa9c6ca2c776be3d2833634e116cbce67bec364f
DosTel1,2022-04-08,2022-04-08T04:25:00,not_supplied,True,dostel1-2022-04-08.csv,"[265, 266]","[""3.688277"", ""3.956146""]",https://visualization.osdr.nasa.gov/radlab/api/?instrument_id=DosTel1&timestamp%3E=2022-04-08T00%3A00&timestamp%3C2022-04-09T00%3A00&absorbed_dose_rate&format=csv,36bdbba8c8b67c9d91714040fe0b908d8a89c866a60bd6a1080534fcde083a90
DosTel1,2022-04-08,2022-04-08T04:30:00,not_supplied,True,dostel1-2022-04-08.csv,"[269, 270]","[""2.21948451643192"", ""2.226689""]",https://visualization.osdr.nasa.gov/radlab/api/?instrument_id=DosTel1&timestamp%3E=2022-04-08T00%3A00&timestamp%3C2022-04-09T00%3A00&absorbed_dose_rate&format=csv,36bdbba8c8b67c9d91714040fe0b908d8a89c866a60bd6a1080534fcde083a90
DosTel1,2022-04-08,2022-04-08T08:15:00,not_supplied,True,dostel1-2022-04-08.csv,"[441, 442]","[""35.819278"", ""38.451403""]",https://visualization.osdr.nasa.gov/radlab/api/?instrument_id=DosTel1&timestamp%3E=2022-04-08T00%3A00&timestamp%3C2022-04-09T00%3A00&absorbed_dose_rate&format=csv,36bdbba8c8b67c9d91714040fe0b908d8a89c866a60bd6a1080534fcde083a90
DosTel1,2022-04-08,2022-04-08T08:20:00,not_supplied,True,dostel1-2022-04-08.csv,"[445, 446]","[""17.0798001214058"", ""10.193612""]",https://visualization.osdr.nasa.gov/radlab/api/?instrument_id=DosTel1&timestamp%3E=2022-04-08T00%3A00&timestamp%3C2022-04-09T00%3A00&absorbed_dose_rate&format=csv,36bdbba8c8b67c9d91714040fe0b908d8a89c866a60bd6a1080534fcde083a90
DosTel2,2022-04-08,2022-04-08T02:05:00,not_supplied,True,dostel2-2022-04-08.csv,"[138, 139]","[""6.018435"", ""5.946213""]",https://visualization.osdr.nasa.gov/radlab/api/?instrument_id=DosTel2&timestamp%3E=2022-04-08T00%3A00&timestamp%3C2022-04-09T00%3A00&absorbed_dose_rate&format=csv,a1f17ffad747f5d169a01faf4d074aebd0df96675fef6b7c65f0c1569bac5c07
DosTel2,2022-04-08,2022-04-08T02:10:00,not_supplied,True,dostel2-2022-04-08.csv,"[142, 143]","[""2.70229644871795"", ""2.812518""]",https://visualization.osdr.nasa.gov/radlab/api/?instrument_id=DosTel2&timestamp%3E=2022-04-08T00%3A00&timestamp%3C2022-04-09T00%3A00&absorbed_dose_rate&format=csv,a1f17ffad747f5d169a01faf4d074aebd0df96675fef6b7c65f0c1569bac5c07
