instrument_id,day,source_file,source_url,sha256,timezone_convention,timestamps_as_recorded,source_rows,rates_microgray_per_hour,before,after,pre_gap_seconds,post_gap_seconds,typical_gap_seconds_this_file,pre_gap_vs_typical,post_gap_vs_typical,comparison_status,comparison_blockers,expected_from_trend_microgray_per_hour,absolute_differences_microgray_per_hour,closest_source_positions,closest_source_rows
DosTel1,2022-03-01,dostel1-2022-03-01.csv,https://visualization.osdr.nasa.gov/radlab/api/?instrument_id=DosTel1&timestamp%3E=2022-03-01T00%3A00&timestamp%3C2022-03-02T00%3A00&absorbed_dose_rate&format=csv,d3f64e7f483c3ae2f08bb5e6633bae5091e661a988c434205ce6bb78c050f7e1,not_supplied,"[""2022-03-01T09:15:00"", ""2022-03-01T09:15:00""]","[465, 466]","[""10.1122485512821"", ""9.853933""]","{""timestamps_as_recorded"": [""2022-03-01T09:13:08""], ""source_rows"": [464], ""rates_microgray_per_hour"": [""11.053704""]}","{""timestamps_as_recorded"": [""2022-03-01T09:16:40""], ""source_rows"": [467], ""rates_microgray_per_hour"": [""9.316134""]}",112,100,89,1.2584269662921348314606741573033707865168539325843,1.1235955056179775280898876404494382022471910112360,compared,[],10.135742490566037735849056603773584905660377358491,"[""0.023493939283937735849056603773584905660377358490566"", ""0.28180949056603773584905660377358490566037735849057""]",[1],[465]
DosTel1,2022-03-01,dostel1-2022-03-01.csv,https://visualization.osdr.nasa.gov/radlab/api/?instrument_id=DosTel1&timestamp%3E=2022-03-01T00%3A00&timestamp%3C2022-03-02T00%3A00&absorbed_dose_rate&format=csv,d3f64e7f483c3ae2f08bb5e6633bae5091e661a988c434205ce6bb78c050f7e1,not_supplied,"[""2022-03-01T09:20:00"", ""2022-03-01T09:20:00""]","[469, 470]","[""5.61126966666667"", ""4.474783""]","{""timestamps_as_recorded"": [""2022-03-01T09:18:20""], ""source_rows"": [468], ""rates_microgray_per_hour"": [""7.677624""]}","{""timestamps_as_recorded"": [""2022-03-01T09:21:40""], ""source_rows"": [471], ""rates_microgray_per_hour"": [""4.681402""]}",100,100,89,1.1235955056179775280898876404494382022471910112360,1.1235955056179775280898876404494382022471910112360,compared,[],6.179513,"[""0.56824333333333"", ""1.70473""]",[1],[469]
DosTel1,2022-03-01,dostel1-2022-03-01.csv,https://visualization.osdr.nasa.gov/radlab/api/?instrument_id=DosTel1&timestamp%3E=2022-03-01T00%3A00&timestamp%3C2022-03-02T00%3A00&absorbed_dose_rate&format=csv,d3f64e7f483c3ae2f08bb5e6633bae5091e661a988c434205ce6bb78c050f7e1,not_supplied,"[""2022-03-01T18:25:00"", ""2022-03-01T18:25:00""]","[947, 948]","[""5.46090767412141"", ""5.312235""]","{""timestamps_as_recorded"": [""2022-03-01T18:23:07""], ""source_rows"": [946], ""rates_microgray_per_hour"": [""5.415854""]}","{""timestamps_as_recorded"": [""2022-03-01T18:26:40""], ""source_rows"": [949], ""rates_microgray_per_hour"": [""5.660491""]}",113,100,89,1.2696629213483146067415730337078651685393258426966,1.1235955056179775280898876404494382022471910112360,compared,[],5.5456379483568075117370892018779342723004694835681,"[""0.084730274235397511737089201877934272300469483568075"", ""0.23340294835680751173708920187793427230046948356808""]",[1],[947]
DosTel1,2022-03-01,dostel1-2022-03-01.csv,https://visualization.osdr.nasa.gov/radlab/api/?instrument_id=DosTel1&timestamp%3E=2022-03-01T00%3A00&timestamp%3C2022-03-02T00%3A00&absorbed_dose_rate&format=csv,d3f64e7f483c3ae2f08bb5e6633bae5091e661a988c434205ce6bb78c050f7e1,not_supplied,"[""2022-03-01T18:30:00"", ""2022-03-01T18:30:00""]","[951, 952]","[""6.03754233333333"", ""5.625719""]","{""timestamps_as_recorded"": [""2022-03-01T18:28:20""], ""source_rows"": [950], ""rates_microgray_per_hour"": [""5.778173""]}","{""timestamps_as_recorded"": [""2022-03-01T18:31:40""], ""source_rows"": [953], ""rates_microgray_per_hour"": [""6.708735""]}",100,100,89,1.1235955056179775280898876404494382022471910112360,1.1235955056179775280898876404494382022471910112360,compared,[],6.243454,"[""0.20591166666667"", ""0.617735""]",[1],[951]
DosTel1,2022-04-01,dostel1-2022-04-01.csv,https://visualization.osdr.nasa.gov/radlab/api/?instrument_id=DosTel1&timestamp%3E=2022-04-01T00%3A00&timestamp%3C2022-04-02T00%3A00&absorbed_dose_rate&format=csv,d2f517eec5129528a1661b972193201676521906464e3d3e9f021794c7ed3441,not_supplied,"[""2022-04-01T04:45:00"", ""2022-04-01T04:45:00""]","[261, 262]","[""1.64210533333333"", ""1.695922""]","{""timestamps_as_recorded"": [""2022-04-01T04:43:20""], ""source_rows"": [260], ""rates_microgray_per_hour"": [""1.618188""]}","{""timestamps_as_recorded"": [""2022-04-01T04:46:52""], ""source_rows"": [263], ""rates_microgray_per_hour"": [""1.605748""]}",100,112,90,1.1111111111111111111111111111111111111111111111111,1.2444444444444444444444444444444444444444444444444,compared,[],1.6123200754716981132075471698113207547169811320755,"[""0.029785257861631886792452830188679245283018867924528"", ""0.083601924528301886792452830188679245283018867924528""]",[1],[261]
DosTel1,2022-04-01,dostel1-2022-04-01.csv,https://visualization.osdr.nasa.gov/radlab/api/?instrument_id=DosTel1&timestamp%3E=2022-04-01T00%3A00&timestamp%3C2022-04-02T00%3A00&absorbed_dose_rate&format=csv,d2f517eec5129528a1661b972193201676521906464e3d3e9f021794c7ed3441,not_supplied,"[""2022-04-01T09:10:00"", ""2022-04-01T09:10:00""]","[486, 487]","[""6.10317033333333"", ""6.685863""]","{""timestamps_as_recorded"": [""2022-04-01T09:08:20""], ""source_rows"": [485], ""rates_microgray_per_hour"": [""7.637366""]}","{""timestamps_as_recorded"": [""2022-04-01T09:11:40""], ""source_rows"": [488], ""rates_microgray_per_hour"": [""3.986282""]}",100,100,90,1.1111111111111111111111111111111111111111111111111,1.1111111111111111111111111111111111111111111111111,compared,[],5.811824,"[""0.29134633333333"", ""0.874039""]",[1],[486]
DosTel1,2022-04-01,dostel1-2022-04-01.csv,https://visualization.osdr.nasa.gov/radlab/api/?instrument_id=DosTel1&timestamp%3E=2022-04-01T00%3A00&timestamp%3C2022-04-02T00%3A00&absorbed_dose_rate&format=csv,d2f517eec5129528a1661b972193201676521906464e3d3e9f021794c7ed3441,not_supplied,"[""2022-04-01T09:15:00"", ""2022-04-01T09:15:00""]","[490, 491]","[""2.99937726837061"", ""2.698345""]","{""timestamps_as_recorded"": [""2022-04-01T09:13:20""], ""source_rows"": [489], ""rates_microgray_per_hour"": [""4.107364""]}","{""timestamps_as_recorded"": [""2022-04-01T09:16:53""], ""source_rows"": [492], ""rates_microgray_per_hour"": [""2.231557""]}",100,113,90,1.1111111111111111111111111111111111111111111111111,1.2555555555555555555555555555555555555555555555556,compared,[],3.2267034366197183098591549295774647887323943661972,"[""0.22732616824910830985915492957746478873239436619718"", ""0.52835843661971830985915492957746478873239436619718""]",[1],[490]
DosTel1,2022-04-02,dostel1-2022-04-02.csv,https://visualization.osdr.nasa.gov/radlab/api/?instrument_id=DosTel1&timestamp%3E=2022-04-02T00%3A00&timestamp%3C2022-04-03T00%3A00&absorbed_dose_rate&format=csv,f45d3798eb68cd3511ea1c3d63c7c492f101135381f068e25b0553057e185f7b,not_supplied,"[""2022-04-02T01:45:00"", ""2022-04-02T01:45:00""]","[87, 88]","[""39.4006318522727"", ""45.520525""]","{""timestamps_as_recorded"": [""2022-04-02T01:44:40""], ""source_rows"": [86], ""rates_microgray_per_hour"": [""51.173211""]}","{""timestamps_as_recorded"": [""2022-04-02T01:45:20""], ""source_rows"": [89], ""rates_microgray_per_hour"": [""38.013359""]}",20,20,88,0.22727272727272727272727272727272727272727272727273,0.22727272727272727272727272727272727272727272727273,compared,[],44.593285,"[""5.1926531477273"", ""0.92724""]",[2],[88]
DosTel1,2022-04-02,dostel1-2022-04-02.csv,https://visualization.osdr.nasa.gov/radlab/api/?instrument_id=DosTel1&timestamp%3E=2022-04-02T00%3A00&timestamp%3C2022-04-03T00%3A00&absorbed_dose_rate&format=csv,f45d3798eb68cd3511ea1c3d63c7c492f101135381f068e25b0553057e185f7b,not_supplied,"[""2022-04-02T04:20:00"", ""2022-04-02T04:20:00""]","[233, 234]","[""7.976401"", ""8.13568""]","{""timestamps_as_recorded"": [""2022-04-02T04:18:20""], ""source_rows"": [232], ""rates_microgray_per_hour"": [""8.451792""]}","{""timestamps_as_recorded"": [""2022-04-02T04:21:40""], ""source_rows"": [235], ""rates_microgray_per_hour"": [""7.341731""]}",100,100,88,1.1363636363636363636363636363636363636363636363636,1.1363636363636363636363636363636363636363636363636,compared,[],7.8967615,"[""0.0796395"", ""0.2389185""]",[1],[233]
DosTel1,2022-04-02,dostel1-2022-04-02.csv,https://visualization.osdr.nasa.gov/radlab/api/?instrument_id=DosTel1&timestamp%3E=2022-04-02T00%3A00&timestamp%3C2022-04-03T00%3A00&absorbed_dose_rate&format=csv,f45d3798eb68cd3511ea1c3d63c7c492f101135381f068e25b0553057e185f7b,not_supplied,"[""2022-04-02T04:25:00"", ""2022-04-02T04:25:00""]","[237, 238]","[""6.73020805111821"", ""6.301909""]","{""timestamps_as_recorded"": [""2022-04-02T04:23:20""], ""source_rows"": [236], ""rates_microgray_per_hour"": [""8.070155""]}","{""timestamps_as_recorded"": [""2022-04-02T04:26:40""], ""source_rows"": [239], ""rates_microgray_per_hour"": [""5.92344""]}",100,100,88,1.1363636363636363636363636363636363636363636363636,1.1363636363636363636363636363636363636363636363636,compared,[],6.9967975,"[""0.26658944888179"", ""0.6948885""]",[1],[237]
DosTel1,2022-04-02,dostel1-2022-04-02.csv,https://visualization.osdr.nasa.gov/radlab/api/?instrument_id=DosTel1&timestamp%3E=2022-04-02T00%3A00&timestamp%3C2022-04-03T00%3A00&absorbed_dose_rate&format=csv,f45d3798eb68cd3511ea1c3d63c7c492f101135381f068e25b0553057e185f7b,not_supplied,"[""2022-04-02T11:30:00"", ""2022-04-02T11:30:00""]","[599, 600]","[""65.0621378292683"", ""77.902447""]","{""timestamps_as_recorded"": [""2022-04-02T11:29:40""], ""source_rows"": [598], ""rates_microgray_per_hour"": [""112.537949""]}","{""timestamps_as_recorded"": [""2022-04-02T11:30:20""], ""source_rows"": [601], ""rates_microgray_per_hour"": [""67.069967""]}",20,20,88,0.22727272727272727272727272727272727272727272727273,0.22727272727272727272727272727272727272727272727273,compared,[],89.803958,"[""24.7418201707317"", ""11.901511""]",[2],[600]
DosTel1,2022-04-03,dostel1-2022-04-03.csv,https://visualization.osdr.nasa.gov/radlab/api/?instrument_id=DosTel1&timestamp%3E=2022-04-03T00%3A00&timestamp%3C2022-04-04T00%3A00&absorbed_dose_rate&format=csv,6a90d086a937ab43848596f60e5e82f0f41a27d19a5e6b415a09f91831c4141e,not_supplied,"[""2022-04-03T02:30:00"", ""2022-04-03T02:30:00""]","[131, 132]","[""283.136608814696"", ""316.611862""]","{""timestamps_as_recorded"": [""2022-04-03T02:29:40""], ""source_rows"": [130], ""rates_microgray_per_hour"": [""347.110328""]}","{""timestamps_as_recorded"": [""2022-04-03T02:30:20""], ""source_rows"": [133], ""rates_microgray_per_hour"": [""279.113507""]}",20,20,87,0.22988505747126436781609195402298850574712643678161,0.22988505747126436781609195402298850574712643678161,compared,[],313.1119175,"[""29.975308685304"", ""3.4999445""]",[2],[132]
DosTel1,2022-04-03,dostel1-2022-04-03.csv,https://visualization.osdr.nasa.gov/radlab/api/?instrument_id=DosTel1&timestamp%3E=2022-04-03T00%3A00&timestamp%3C2022-04-04T00%3A00&absorbed_dose_rate&format=csv,6a90d086a937ab43848596f60e5e82f0f41a27d19a5e6b415a09f91831c4141e,not_supplied,"[""2022-04-03T08:20:00"", ""2022-04-03T08:20:00""]","[434, 435]","[""3.21711033333333"", ""2.740921""]","{""timestamps_as_recorded"": [""2022-04-03T08:18:20""], ""source_rows"": [433], ""rates_microgray_per_hour"": [""3.591664""]}","{""timestamps_as_recorded"": [""2022-04-03T08:21:40""], ""source_rows"": [436], ""rates_microgray_per_hour"": [""3.318746""]}",100,100,87,1.1494252873563218390804597701149425287356321839080,1.1494252873563218390804597701149425287356321839080,compared,[],3.455205,"[""0.23809466666667"", ""0.714284""]",[1],[434]
DosTel1,2022-04-03,dostel1-2022-04-03.csv,https://visualization.osdr.nasa.gov/radlab/api/?instrument_id=DosTel1&timestamp%3E=2022-04-03T00%3A00&timestamp%3C2022-04-04T00%3A00&absorbed_dose_rate&format=csv,6a90d086a937ab43848596f60e5e82f0f41a27d19a5e6b415a09f91831c4141e,not_supplied,"[""2022-04-03T08:25:00"", ""2022-04-03T08:25:00""]","[438, 439]","[""2.93439095207668"", ""3.801606""]","{""timestamps_as_recorded"": [""2022-04-03T08:23:20""], ""source_rows"": [437], ""rates_microgray_per_hour"": [""2.913156""]}","{""timestamps_as_recorded"": [""2022-04-03T08:26:40""], ""source_rows"": [440], ""rates_microgray_per_hour"": [""2.185736""]}",100,100,87,1.1494252873563218390804597701149425287356321839080,1.1494252873563218390804597701149425287356321839080,compared,[],2.549446,"[""0.38494495207668"", ""1.25216""]",[1],[438]
DosTel1,2022-04-03,dostel1-2022-04-03.csv,https://visualization.osdr.nasa.gov/radlab/api/?instrument_id=DosTel1&timestamp%3E=2022-04-03T00%3A00&timestamp%3C2022-04-04T00%3A00&absorbed_dose_rate&format=csv,6a90d086a937ab43848596f60e5e82f0f41a27d19a5e6b415a09f91831c4141e,not_supplied,"[""2022-04-03T18:00:00"", ""2022-04-03T18:00:00""]","[922, 923]","[""6.27738944728435"", ""5.818585""]","{""timestamps_as_recorded"": [""2022-04-03T17:58:07""], ""source_rows"": [921], ""rates_microgray_per_hour"": [""4.461569""]}","{""timestamps_as_recorded"": [""2022-04-03T18:01:40""], ""source_rows"": [924], ""rates_microgray_per_hour"": [""8.788071""]}",113,100,87,1.2988505747126436781609195402298850574712643678161,1.1494252873563218390804597701149425287356321839080,compared,[],6.7568494037558685446009389671361502347417840375587,"[""0.47945995647151854460093896713615023474178403755869"", ""0.93826440375586854460093896713615023474178403755869""]",[1],[922]
DosTel1,2022-04-03,dostel1-2022-04-03.csv,https://visualization.osdr.nasa.gov/radlab/api/?instrument_id=DosTel1&timestamp%3E=2022-04-03T00%3A00&timestamp%3C2022-04-04T00%3A00&absorbed_dose_rate&format=csv,6a90d086a937ab43848596f60e5e82f0f41a27d19a5e6b415a09f91831c4141e,not_supplied,"[""2022-04-03T18:05:00"", ""2022-04-03T18:05:00""]","[926, 927]","[""11.3696196134185"", ""12.758821""]","{""timestamps_as_recorded"": [""2022-04-03T18:03:20""], ""source_rows"": [925], ""rates_microgray_per_hour"": [""9.878737""]}","{""timestamps_as_recorded"": [""2022-04-03T18:06:40""], ""source_rows"": [928], ""rates_microgray_per_hour"": [""11.459603""]}",100,100,87,1.1494252873563218390804597701149425287356321839080,1.1494252873563218390804597701149425287356321839080,compared,[],10.66917,"[""0.7004496134185"", ""2.089651""]",[1],[926]
DosTel1,2022-04-03,dostel1-2022-04-03.csv,https://visualization.osdr.nasa.gov/radlab/api/?instrument_id=DosTel1&timestamp%3E=2022-04-03T00%3A00&timestamp%3C2022-04-04T00%3A00&absorbed_dose_rate&format=csv,6a90d086a937ab43848596f60e5e82f0f41a27d19a5e6b415a09f91831c4141e,not_supplied,"[""2022-04-03T19:25:00"", ""2022-04-03T19:25:00""]","[987, 988]","[""2.26705294871795"", ""1.87457""]","{""timestamps_as_recorded"": [""2022-04-03T19:23:20""], ""source_rows"": [986], ""rates_microgray_per_hour"": [""2.138756""]}","{""timestamps_as_recorded"": [""2022-04-03T19:26:40""], ""source_rows"": [989], ""rates_microgray_per_hour"": [""2.732035""]}",100,100,87,1.1494252873563218390804597701149425287356321839080,1.1494252873563218390804597701149425287356321839080,compared,[],2.4353955,"[""0.16834255128205"", ""0.5608255""]",[1],[987]
DosTel1,2022-04-04,dostel1-2022-04-04.csv,https://visualization.osdr.nasa.gov/radlab/api/?instrument_id=DosTel1&timestamp%3E=2022-04-04T00%3A00&timestamp%3C2022-04-05T00%3A00&absorbed_dose_rate&format=csv,b36e3c304d07861d782b572f73e5287dc4dd11924f36b1c18f1ff303e7cb942f,not_supplied,"[""2022-04-04T03:00:00"", ""2022-04-04T03:00:00""]","[160, 161]","[""3.33980852564103"", ""3.614536""]","{""timestamps_as_recorded"": [""2022-04-04T02:58:08""], ""source_rows"": [159], ""rates_microgray_per_hour"": [""3.850905""]}","{""timestamps_as_recorded"": [""2022-04-04T03:01:40""], ""source_rows"": [162], ""rates_microgray_per_hour"": [""2.492653""]}",112,100,89,1.2584269662921348314606741573033707865168539325843,1.1235955056179775280898876404494382022471910112360,compared,[],3.1333379056603773584905660377358490566037735849057,"[""0.20647061998065264150943396226415094339622641509434"", ""0.48119809433962264150943396226415094339622641509434""]",[1],[160]
DosTel1,2022-04-04,dostel1-2022-04-04.csv,https://visualization.osdr.nasa.gov/radlab/api/?instrument_id=DosTel1&timestamp%3E=2022-04-04T00%3A00&timestamp%3C2022-04-05T00%3A00&absorbed_dose_rate&format=csv,b36e3c304d07861d782b572f73e5287dc4dd11924f36b1c18f1ff303e7cb942f,not_supplied,"[""2022-04-04T05:40:00"", ""2022-04-04T05:40:00""]","[321, 322]","[""4.81137884345048"", ""5.116355""]","{""timestamps_as_recorded"": [""2022-04-04T05:38:07""], ""source_rows"": [320], ""rates_microgray_per_hour"": [""4.204106""]}","{""timestamps_as_recorded"": [""2022-04-04T05:41:40""], ""source_rows"": [323], ""rates_microgray_per_hour"": [""5.192621""]}",113,100,89,1.2696629213483146067415730337078651685393258426966,1.1235955056179775280898876404494382022471910112360,compared,[],4.7285294507042253521126760563380281690140845070423,"[""0.082849392746254647887323943661971830985915492957746"", ""0.38782554929577464788732394366197183098591549295775""]",[1],[321]
DosTel1,2022-04-04,dostel1-2022-04-04.csv,https://visualization.osdr.nasa.gov/radlab/api/?instrument_id=DosTel1&timestamp%3E=2022-04-04T00%3A00&timestamp%3C2022-04-05T00%3A00&absorbed_dose_rate&format=csv,b36e3c304d07861d782b572f73e5287dc4dd11924f36b1c18f1ff303e7cb942f,not_supplied,"[""2022-04-04T05:45:00"", ""2022-04-04T05:45:00""]","[325, 326]","[""5.90604142172524"", ""6.686559""]","{""timestamps_as_recorded"": [""2022-04-04T05:43:20""], ""source_rows"": [324], ""rates_microgray_per_hour"": [""4.990869""]}","{""timestamps_as_recorded"": [""2022-04-04T05:46:40""], ""source_rows"": [327], ""rates_microgray_per_hour"": [""6.025205""]}",100,100,89,1.1235955056179775280898876404494382022471910112360,1.1235955056179775280898876404494382022471910112360,compared,[],5.508037,"[""0.39800442172524"", ""1.178522""]",[1],[325]
DosTel1,2022-04-04,dostel1-2022-04-04.csv,https://visualization.osdr.nasa.gov/radlab/api/?instrument_id=DosTel1&timestamp%3E=2022-04-04T00%3A00&timestamp%3C2022-04-05T00%3A00&absorbed_dose_rate&format=csv,b36e3c304d07861d782b572f73e5287dc4dd11924f36b1c18f1ff303e7cb942f,not_supplied,"[""2022-04-04T17:20:00"", ""2022-04-04T17:20:00""]","[894, 895]","[""11.5093426282051"", ""11.277169""]","{""timestamps_as_recorded"": [""2022-04-04T17:18:08""], ""source_rows"": [893], ""rates_microgray_per_hour"": [""12.000725""]}","{""timestamps_as_recorded"": [""2022-04-04T17:21:40""], ""source_rows"": [896], ""rates_microgray_per_hour"": [""11.191168""]}",112,100,89,1.2584269662921348314606741573033707865168539325843,1.1235955056179775280898876404494382022471910112360,compared,[],11.573034509433962264150943396226415094339622641509,"[""0.063691881228862264150943396226415094339622641509434"", ""0.29586550943396226415094339622641509433962264150943""]",[1],[894]
DosTel1,2022-04-04,dostel1-2022-04-04.csv,https://visualization.osdr.nasa.gov/radlab/api/?instrument_id=DosTel1&timestamp%3E=2022-04-04T00%3A00&timestamp%3C2022-04-05T00%3A00&absorbed_dose_rate&format=csv,b36e3c304d07861d782b572f73e5287dc4dd11924f36b1c18f1ff303e7cb942f,not_supplied,"[""2022-04-04T17:25:00"", ""2022-04-04T17:25:00""]","[898, 899]","[""11.087497"", ""11.178804""]","{""timestamps_as_recorded"": [""2022-04-04T17:23:20""], ""source_rows"": [897], ""rates_microgray_per_hour"": [""11.073331""]}","{""timestamps_as_recorded"": [""2022-04-04T17:26:40""], ""source_rows"": [900], ""rates_microgray_per_hour"": [""11.010356""]}",100,100,89,1.1235955056179775280898876404494382022471910112360,1.1235955056179775280898876404494382022471910112360,compared,[],11.0418435,"[""0.0456535"", ""0.1369605""]",[1],[898]
DosTel1,2022-04-05,dostel1-2022-04-05.csv,https://visualization.osdr.nasa.gov/radlab/api/?instrument_id=DosTel1&timestamp%3E=2022-04-05T00%3A00&timestamp%3C2022-04-06T00%3A00&absorbed_dose_rate&format=csv,c01158fff753094433b808fff766254af9df32efc73c4a0048ca983f8e914ac1,not_supplied,"[""2022-04-05T23:35:00"", ""2022-04-05T23:35:00""]","[1184, 1185]","[""10.316703"", ""10.385551""]","{""timestamps_as_recorded"": [""2022-04-05T23:33:20""], ""source_rows"": [1183], ""rates_microgray_per_hour"": [""8.809629""]}","{""timestamps_as_recorded"": [""2022-04-05T23:36:40""], ""source_rows"": [1186], ""rates_microgray_per_hour"": [""11.754929""]}",100,100,85,1.1764705882352941176470588235294117647058823529412,1.1764705882352941176470588235294117647058823529412,compared,[],10.282279,"[""0.034424"", ""0.103272""]",[1],[1184]
DosTel1,2022-04-05,dostel1-2022-04-05.csv,https://visualization.osdr.nasa.gov/radlab/api/?instrument_id=DosTel1&timestamp%3E=2022-04-05T00%3A00&timestamp%3C2022-04-06T00%3A00&absorbed_dose_rate&format=csv,c01158fff753094433b808fff766254af9df32efc73c4a0048ca983f8e914ac1,not_supplied,"[""2022-04-05T23:40:00"", ""2022-04-05T23:40:00""]","[1188, 1189]","[""11.3549327316294"", ""10.962989""]","{""timestamps_as_recorded"": [""2022-04-05T23:38:20""], ""source_rows"": [1187], ""rates_microgray_per_hour"": [""13.161939""]}","{""timestamps_as_recorded"": [""2022-04-05T23:41:40""], ""source_rows"": [1190], ""rates_microgray_per_hour"": [""10.102665""]}",100,100,85,1.1764705882352941176470588235294117647058823529412,1.1764705882352941176470588235294117647058823529412,compared,[],11.632302,"[""0.2773692683706"", ""0.669313""]",[1],[1188]
DosTel1,2022-04-06,dostel1-2022-04-06.csv,https://visualization.osdr.nasa.gov/radlab/api/?instrument_id=DosTel1&timestamp%3E=2022-04-06T00%3A00&timestamp%3C2022-04-07T00%3A00&absorbed_dose_rate&format=csv,8e3923756ea58e6cb92bd0010dd30a5f626abcfd401be8c15349856e28a1772f,not_supplied,"[""2022-04-06T11:15:00"", ""2022-04-06T11:15:00""]","[593, 594]","[""4.66515"", ""4.523308""]","{""timestamps_as_recorded"": [""2022-04-06T11:13:20""], ""source_rows"": [592], ""rates_microgray_per_hour"": [""5.288667""]}","{""timestamps_as_recorded"": [""2022-04-06T11:16:40""], ""source_rows"": [595], ""rates_microgray_per_hour"": [""4.183475""]}",100,100,87,1.1494252873563218390804597701149425287356321839080,1.1494252873563218390804597701149425287356321839080,compared,[],4.736071,"[""0.070921"", ""0.212763""]",[1],[593]
DosTel1,2022-04-06,dostel1-2022-04-06.csv,https://visualization.osdr.nasa.gov/radlab/api/?instrument_id=DosTel1&timestamp%3E=2022-04-06T00%3A00&timestamp%3C2022-04-07T00%3A00&absorbed_dose_rate&format=csv,8e3923756ea58e6cb92bd0010dd30a5f626abcfd401be8c15349856e28a1772f,not_supplied,"[""2022-04-06T11:20:00"", ""2022-04-06T11:20:00""]","[597, 598]","[""5.57714827795527"", ""3.967041""]","{""timestamps_as_recorded"": [""2022-04-06T11:18:20""], ""source_rows"": [596], ""rates_microgray_per_hour"": [""3.222313""]}","{""timestamps_as_recorded"": [""2022-04-06T11:21:40""], ""source_rows"": [599], ""rates_microgray_per_hour"": [""9.085947""]}",100,100,87,1.1494252873563218390804597701149425287356321839080,1.1494252873563218390804597701149425287356321839080,compared,[],6.15413,"[""0.57698172204473"", ""2.187089""]",[1],[597]
DosTel1,2022-04-07,dostel1-2022-04-07.csv,https://visualization.osdr.nasa.gov/radlab/api/?instrument_id=DosTel1&timestamp%3E=2022-04-07T00%3A00&timestamp%3C2022-04-08T00%3A00&absorbed_dose_rate&format=csv,df0dd26da364bfd5e3b2412bd6361925746408346f20cbcb66e697f0eb032539,not_supplied,"[""2022-04-07T03:25:00"", ""2022-04-07T03:25:00""]","[208, 209]","[""6.204832"", ""5.562049""]","{""timestamps_as_recorded"": [""2022-04-07T03:23:20""], ""source_rows"": [207], ""rates_microgray_per_hour"": [""5.751669""]}","{""timestamps_as_recorded"": [""2022-04-07T03:26:40""], ""source_rows"": [210], ""rates_microgray_per_hour"": [""7.300778""]}",100,100,88,1.1363636363636363636363636363636363636363636363636,1.1363636363636363636363636363636363636363636363636,compared,[],6.5262235,"[""0.3213915"", ""0.9641745""]",[1],[208]
DosTel1,2022-04-07,dostel1-2022-04-07.csv,https://visualization.osdr.nasa.gov/radlab/api/?instrument_id=DosTel1&timestamp%3E=2022-04-07T00%3A00&timestamp%3C2022-04-08T00%3A00&absorbed_dose_rate&format=csv,df0dd26da364bfd5e3b2412bd6361925746408346f20cbcb66e697f0eb032539,not_supplied,"[""2022-04-07T03:30:00"", ""2022-04-07T03:30:00""]","[212, 213]","[""6.90816821405751"", ""7.182246""]","{""timestamps_as_recorded"": [""2022-04-07T03:28:20""], ""source_rows"": [211], ""rates_microgray_per_hour"": [""6.739566""]}","{""timestamps_as_recorded"": [""2022-04-07T03:31:40""], ""source_rows"": [214], ""rates_microgray_per_hour"": [""6.814827""]}",100,100,88,1.1363636363636363636363636363636363636363636363636,1.1363636363636363636363636363636363636363636363636,compared,[],6.7771965,"[""0.13097171405751"", ""0.4050495""]",[1],[212]
DosTel1,2022-04-07,dostel1-2022-04-07.csv,https://visualization.osdr.nasa.gov/radlab/api/?instrument_id=DosTel1&timestamp%3E=2022-04-07T00%3A00&timestamp%3C2022-04-08T00%3A00&absorbed_dose_rate&format=csv,df0dd26da364bfd5e3b2412bd6361925746408346f20cbcb66e697f0eb032539,not_supplied,"[""2022-04-07T04:45:00"", ""2022-04-07T04:45:00""]","[269, 270]","[""2.304217"", ""2.706691""]","{""timestamps_as_recorded"": [""2022-04-07T04:43:20""], ""source_rows"": [268], ""rates_microgray_per_hour"": [""1.61162""]}","{""timestamps_as_recorded"": [""2022-04-07T04:46:40""], ""source_rows"": [271], ""rates_microgray_per_hour"": [""2.59434""]}",100,100,88,1.1363636363636363636363636363636363636363636363636,1.1363636363636363636363636363636363636363636363636,compared,[],2.10298,"[""0.201237"", ""0.603711""]",[1],[269]
DosTel1,2022-04-07,dostel1-2022-04-07.csv,https://visualization.osdr.nasa.gov/radlab/api/?instrument_id=DosTel1&timestamp%3E=2022-04-07T00%3A00&timestamp%3C2022-04-08T00%3A00&absorbed_dose_rate&format=csv,df0dd26da364bfd5e3b2412bd6361925746408346f20cbcb66e697f0eb032539,not_supplied,"[""2022-04-07T04:50:00"", ""2022-04-07T04:50:00""]","[273, 274]","[""3.54585647435897"", ""3.927479""]","{""timestamps_as_recorded"": [""2022-04-07T04:48:20""], ""source_rows"": [272], ""rates_microgray_per_hour"": [""2.349626""]}","{""timestamps_as_recorded"": [""2022-04-07T04:51:40""], ""source_rows"": [275], ""rates_microgray_per_hour"": [""4.273185""]}",100,100,88,1.1363636363636363636363636363636363636363636363636,1.1363636363636363636363636363636363636363636363636,compared,[],3.3114055,"[""0.23445097435897"", ""0.6160735""]",[1],[273]
DosTel1,2022-04-08,dostel1-2022-04-08.csv,https://visualization.osdr.nasa.gov/radlab/api/?instrument_id=DosTel1&timestamp%3E=2022-04-08T00%3A00&timestamp%3C2022-04-09T00%3A00&absorbed_dose_rate&format=csv,36bdbba8c8b67c9d91714040fe0b908d8a89c866a60bd6a1080534fcde083a90,not_supplied,"[""2022-04-08T04:25:00"", ""2022-04-08T04:25:00""]","[265, 266]","[""3.688277"", ""3.956146""]","{""timestamps_as_recorded"": [""2022-04-08T04:23:20""], ""source_rows"": [264], ""rates_microgray_per_hour"": [""4.020512""]}","{""timestamps_as_recorded"": [""2022-04-08T04:26:40""], ""source_rows"": [267], ""rates_microgray_per_hour"": [""3.088173""]}",100,100,86,1.1627906976744186046511627906976744186046511627907,1.1627906976744186046511627906976744186046511627907,compared,[],3.5543425,"[""0.1339345"", ""0.4018035""]",[1],[265]
DosTel1,2022-04-08,dostel1-2022-04-08.csv,https://visualization.osdr.nasa.gov/radlab/api/?instrument_id=DosTel1&timestamp%3E=2022-04-08T00%3A00&timestamp%3C2022-04-09T00%3A00&absorbed_dose_rate&format=csv,36bdbba8c8b67c9d91714040fe0b908d8a89c866a60bd6a1080534fcde083a90,not_supplied,"[""2022-04-08T04:30:00"", ""2022-04-08T04:30:00""]","[269, 270]","[""2.21948451643192"", ""2.226689""]","{""timestamps_as_recorded"": [""2022-04-08T04:28:20""], ""source_rows"": [268], ""rates_microgray_per_hour"": [""2.871817""]}","{""timestamps_as_recorded"": [""2022-04-08T04:31:40""], ""source_rows"": [271], ""rates_microgray_per_hour"": [""1.927654""]}",100,100,86,1.1627906976744186046511627906976744186046511627907,1.1627906976744186046511627906976744186046511627907,compared,[],2.3997355,"[""0.18025098356808"", ""0.1730465""]",[2],[270]
DosTel1,2022-04-08,dostel1-2022-04-08.csv,https://visualization.osdr.nasa.gov/radlab/api/?instrument_id=DosTel1&timestamp%3E=2022-04-08T00%3A00&timestamp%3C2022-04-09T00%3A00&absorbed_dose_rate&format=csv,36bdbba8c8b67c9d91714040fe0b908d8a89c866a60bd6a1080534fcde083a90,not_supplied,"[""2022-04-08T08:15:00"", ""2022-04-08T08:15:00""]","[441, 442]","[""35.819278"", ""38.451403""]","{""timestamps_as_recorded"": [""2022-04-08T08:13:20""], ""source_rows"": [440], ""rates_microgray_per_hour"": [""20.941482""]}","{""timestamps_as_recorded"": [""2022-04-08T08:16:40""], ""source_rows"": [443], ""rates_microgray_per_hour"": [""48.064949""]}",100,100,86,1.1627906976744186046511627906976744186046511627907,1.1627906976744186046511627906976744186046511627907,compared,[],34.5032155,"[""1.3160625"", ""3.9481875""]",[1],[441]
DosTel1,2022-04-08,dostel1-2022-04-08.csv,https://visualization.osdr.nasa.gov/radlab/api/?instrument_id=DosTel1&timestamp%3E=2022-04-08T00%3A00&timestamp%3C2022-04-09T00%3A00&absorbed_dose_rate&format=csv,36bdbba8c8b67c9d91714040fe0b908d8a89c866a60bd6a1080534fcde083a90,not_supplied,"[""2022-04-08T08:20:00"", ""2022-04-08T08:20:00""]","[445, 446]","[""17.0798001214058"", ""10.193612""]","{""timestamps_as_recorded"": [""2022-04-08T08:18:20""], ""source_rows"": [444], ""rates_microgray_per_hour"": [""39.43984""]}","{""timestamps_as_recorded"": [""2022-04-08T08:21:40""], ""source_rows"": [447], ""rates_microgray_per_hour"": [""3.386126""]}",100,100,86,1.1627906976744186046511627906976744186046511627907,1.1627906976744186046511627906976744186046511627907,compared,[],21.412983,"[""4.3331828785942"", ""11.219371""]",[1],[445]
DosTel2,2022-04-02,dostel2-2022-04-02.csv,https://visualization.osdr.nasa.gov/radlab/api/?instrument_id=DosTel2&timestamp%3E=2022-04-02T00%3A00&timestamp%3C2022-04-03T00%3A00&absorbed_dose_rate&format=csv,b1c9b1477cdb0b2e5e40baf3577cee13254ccf4926c59c83866f6537c005fbe3,not_supplied,"[""2022-04-02T13:05:00"", ""2022-04-02T13:05:00""]","[675, 676]","[""242.359033"", ""269.134563""]","{""timestamps_as_recorded"": [""2022-04-02T13:04:40""], ""source_rows"": [674], ""rates_microgray_per_hour"": [""324.713369""]}","{""timestamps_as_recorded"": [""2022-04-02T13:05:20""], ""source_rows"": [677], ""rates_microgray_per_hour"": [""242.948509""]}",20,20,93,0.21505376344086021505376344086021505376344086021505,0.21505376344086021505376344086021505376344086021505,compared,[],283.830939,"[""41.471906"", ""14.696376""]",[2],[676]
DosTel2,2022-04-03,dostel2-2022-04-03.csv,https://visualization.osdr.nasa.gov/radlab/api/?instrument_id=DosTel2&timestamp%3E=2022-04-03T00%3A00&timestamp%3C2022-04-04T00%3A00&absorbed_dose_rate&format=csv,2fee100e5d332d0ffc08894dd3bbfc51f9f583909610c2e11596f652ba07da37,not_supplied,"[""2022-04-03T20:50:00"", ""2022-04-03T20:50:00""]","[1049, 1050]","[""2.01526097435897"", ""1.884408""]","{""timestamps_as_recorded"": [""2022-04-03T20:48:08""], ""source_rows"": [1048], ""rates_microgray_per_hour"": [""2.248927""]}","{""timestamps_as_recorded"": [""2022-04-03T20:53:20""], ""source_rows"": [1051], ""rates_microgray_per_hour"": [""1.965428""]}",112,200,92,1.2173913043478260869565217391304347826086956521739,2.1739130434782608695652173913043478260869565217391,compared,[],2.1471581282051282051282051282051282051282051282051,"[""0.13189715384615820512820512820512820512820512820513"", ""0.26275012820512820512820512820512820512820512820513""]",[1],[1049]
DosTel2,2022-04-03,dostel2-2022-04-03.csv,https://visualization.osdr.nasa.gov/radlab/api/?instrument_id=DosTel2&timestamp%3E=2022-04-03T00%3A00&timestamp%3C2022-04-04T00%3A00&absorbed_dose_rate&format=csv,2fee100e5d332d0ffc08894dd3bbfc51f9f583909610c2e11596f652ba07da37,not_supplied,"[""2022-04-03T20:55:00"", ""2022-04-03T20:55:00""]","[1052, 1053]","[""2.06152466666667"", ""1.846501""]","{""timestamps_as_recorded"": [""2022-04-03T20:53:20""], ""source_rows"": [1051], ""rates_microgray_per_hour"": [""1.965428""]}","{""timestamps_as_recorded"": [""2022-04-03T20:56:40""], ""source_rows"": [1054], ""rates_microgray_per_hour"": [""2.372645""]}",100,100,92,1.0869565217391304347826086956521739130434782608696,1.0869565217391304347826086956521739130434782608696,compared,[],2.1690365,"[""0.10751183333333"", ""0.3225355""]",[1],[1052]
DosTel2,2022-04-03,dostel2-2022-04-03.csv,https://visualization.osdr.nasa.gov/radlab/api/?instrument_id=DosTel2&timestamp%3E=2022-04-03T00%3A00&timestamp%3C2022-04-04T00%3A00&absorbed_dose_rate&format=csv,2fee100e5d332d0ffc08894dd3bbfc51f9f583909610c2e11596f652ba07da37,not_supplied,"[""2022-04-03T23:30:00"", ""2022-04-03T23:30:00""]","[1171, 1172]","[""5.5725422428115"", ""6.029535""]","{""timestamps_as_recorded"": [""2022-04-03T23:28:07""], ""source_rows"": [1170], ""rates_microgray_per_hour"": [""3.859094""]}","{""timestamps_as_recorded"": [""2022-04-03T23:31:40""], ""source_rows"": [1173], ""rates_microgray_per_hour"": [""7.051746""]}",113,100,92,1.2282608695652173913043478260869565217391304347826,1.0869565217391304347826086956521739130434782608696,compared,[],5.5528483474178403755868544600938967136150234741784,"[""0.019693895393659624413145539906103286384976525821596"", ""0.47668665258215962441314553990610328638497652582160""]",[1],[1171]
DosTel2,2022-04-03,dostel2-2022-04-03.csv,https://visualization.osdr.nasa.gov/radlab/api/?instrument_id=DosTel2&timestamp%3E=2022-04-03T00%3A00&timestamp%3C2022-04-04T00%3A00&absorbed_dose_rate&format=csv,2fee100e5d332d0ffc08894dd3bbfc51f9f583909610c2e11596f652ba07da37,not_supplied,"[""2022-04-03T23:35:00"", ""2022-04-03T23:35:00""]","[1175, 1176]","[""9.86365"", ""10.59929""]","{""timestamps_as_recorded"": [""2022-04-03T23:33:20""], ""source_rows"": [1174], ""rates_microgray_per_hour"": [""7.588622""]}","{""timestamps_as_recorded"": [""2022-04-03T23:36:40""], ""source_rows"": [1177], ""rates_microgray_per_hour"": [""11.403038""]}",100,100,92,1.0869565217391304347826086956521739130434782608696,1.0869565217391304347826086956521739130434782608696,compared,[],9.49583,"[""0.36782"", ""1.10346""]",[1],[1175]
DosTel2,2022-04-04,dostel2-2022-04-04.csv,https://visualization.osdr.nasa.gov/radlab/api/?instrument_id=DosTel2&timestamp%3E=2022-04-04T00%3A00&timestamp%3C2022-04-05T00%3A00&absorbed_dose_rate&format=csv,98e0f397a4ea06fcc055195d7e6d65a65582be9423cdc837b44feb0c81436452,not_supplied,"[""2022-04-04T08:30:00"", ""2022-04-04T08:30:00""]","[434, 435]","[""2.44715456410256"", ""2.226404""]","{""timestamps_as_recorded"": [""2022-04-04T08:28:08""], ""source_rows"": [433], ""rates_microgray_per_hour"": [""2.342752""]}","{""timestamps_as_recorded"": [""2022-04-04T08:31:40""], ""source_rows"": [436], ""rates_microgray_per_hour"": [""2.784836""]}",112,100,93,1.2043010752688172043010752688172043010752688172043,1.0752688172043010752688172043010752688172043010753,compared,[],2.5763058113207547169811320754716981132075471698113,"[""0.12915124721819471698113207547169811320754716981132"", ""0.34990181132075471698113207547169811320754716981132""]",[1],[434]
DosTel2,2022-04-04,dostel2-2022-04-04.csv,https://visualization.osdr.nasa.gov/radlab/api/?instrument_id=DosTel2&timestamp%3E=2022-04-04T00%3A00&timestamp%3C2022-04-05T00%3A00&absorbed_dose_rate&format=csv,98e0f397a4ea06fcc055195d7e6d65a65582be9423cdc837b44feb0c81436452,not_supplied,"[""2022-04-04T08:35:00"", ""2022-04-04T08:35:00""]","[438, 439]","[""1.87998666666667"", ""1.721448""]","{""timestamps_as_recorded"": [""2022-04-04T08:33:20""], ""source_rows"": [437], ""rates_microgray_per_hour"": [""2.037696""]}","{""timestamps_as_recorded"": [""2022-04-04T08:36:40""], ""source_rows"": [440], ""rates_microgray_per_hour"": [""1.880816""]}",100,100,93,1.0752688172043010752688172043010752688172043010753,1.0752688172043010752688172043010752688172043010753,compared,[],1.959256,"[""0.07926933333333"", ""0.237808""]",[1],[438]
DosTel2,2022-04-04,dostel2-2022-04-04.csv,https://visualization.osdr.nasa.gov/radlab/api/?instrument_id=DosTel2&timestamp%3E=2022-04-04T00%3A00&timestamp%3C2022-04-05T00%3A00&absorbed_dose_rate&format=csv,98e0f397a4ea06fcc055195d7e6d65a65582be9423cdc837b44feb0c81436452,not_supplied,"[""2022-04-04T09:50:00"", ""2022-04-04T09:50:00""]","[496, 497]","[""13.900107341853"", ""12.389828""]","{""timestamps_as_recorded"": [""2022-04-04T09:48:07""], ""source_rows"": [495], ""rates_microgray_per_hour"": [""7.353946""]}","{""timestamps_as_recorded"": [""2022-04-04T09:51:40""], ""source_rows"": [498], ""rates_microgray_per_hour"": [""22.807549""]}",113,100,93,1.2150537634408602150537634408602150537634408602151,1.0752688172043010752688172043010752688172043010753,compared,[],15.552336323943661971830985915492957746478873239437,"[""1.6522289820906619718309859154929577464788732394366"", ""3.1625083239436619718309859154929577464788732394366""]",[1],[496]
DosTel2,2022-04-04,dostel2-2022-04-04.csv,https://visualization.osdr.nasa.gov/radlab/api/?instrument_id=DosTel2&timestamp%3E=2022-04-04T00%3A00&timestamp%3C2022-04-05T00%3A00&absorbed_dose_rate&format=csv,98e0f397a4ea06fcc055195d7e6d65a65582be9423cdc837b44feb0c81436452,not_supplied,"[""2022-04-04T09:55:00"", ""2022-04-04T09:55:00""]","[500, 501]","[""23.591046"", ""29.193037""]","{""timestamps_as_recorded"": [""2022-04-04T09:53:20""], ""source_rows"": [499], ""rates_microgray_per_hour"": [""31.658999""]}","{""timestamps_as_recorded"": [""2022-04-04T09:56:40""], ""source_rows"": [502], ""rates_microgray_per_hour"": [""9.921102""]}",100,100,93,1.0752688172043010752688172043010752688172043010753,1.0752688172043010752688172043010752688172043010753,compared,[],20.7900505,"[""2.8009955"", ""8.4029865""]",[1],[500]
DosTel2,2022-04-04,dostel2-2022-04-04.csv,https://visualization.osdr.nasa.gov/radlab/api/?instrument_id=DosTel2&timestamp%3E=2022-04-04T00%3A00&timestamp%3C2022-04-05T00%3A00&absorbed_dose_rate&format=csv,98e0f397a4ea06fcc055195d7e6d65a65582be9423cdc837b44feb0c81436452,not_supplied,"[""2022-04-04T12:20:00"", ""2022-04-04T12:20:00""]","[631, 632]","[""1.81623326517572"", ""1.649041""]","{""timestamps_as_recorded"": [""2022-04-04T12:18:07""], ""source_rows"": [630], ""rates_microgray_per_hour"": [""1.974824""]}","{""timestamps_as_recorded"": [""2022-04-04T12:21:40""], ""source_rows"": [633], ""rates_microgray_per_hour"": [""1.804218""]}",113,100,93,1.2150537634408602150537634408602150537634408602151,1.0752688172043010752688172043010752688172043010753,compared,[],1.8843147136150234741784037558685446009389671361502,"[""0.068081448439303474178403755868544600938967136150235"", ""0.23527371361502347417840375586854460093896713615023""]",[1],[631]
DosTel2,2022-04-05,dostel2-2022-04-05.csv,https://visualization.osdr.nasa.gov/radlab/api/?instrument_id=DosTel2&timestamp%3E=2022-04-05T00%3A00&timestamp%3C2022-04-06T00%3A00&absorbed_dose_rate&format=csv,b27e893317dfa1fce278707239560a7726af86919e5a9492f64311178002dfad,not_supplied,"[""2022-04-05T14:25:00"", ""2022-04-05T14:25:00""]","[752, 753]","[""5.36964866666667"", ""5.126989""]","{""timestamps_as_recorded"": [""2022-04-05T14:23:20""], ""source_rows"": [751], ""rates_microgray_per_hour"": [""7.065886""]}","{""timestamps_as_recorded"": [""2022-04-05T14:26:40""], ""source_rows"": [754], ""rates_microgray_per_hour"": [""3.916071""]}",100,100,88,1.1363636363636363636363636363636363636363636363636,1.1363636363636363636363636363636363636363636363636,compared,[],5.4909785,"[""0.12132983333333"", ""0.3639895""]",[1],[752]
DosTel2,2022-04-05,dostel2-2022-04-05.csv,https://visualization.osdr.nasa.gov/radlab/api/?instrument_id=DosTel2&timestamp%3E=2022-04-05T00%3A00&timestamp%3C2022-04-06T00%3A00&absorbed_dose_rate&format=csv,b27e893317dfa1fce278707239560a7726af86919e5a9492f64311178002dfad,not_supplied,"[""2022-04-05T14:30:00"", ""2022-04-05T14:30:00""]","[756, 757]","[""2.7468748913738"", ""2.595621""]","{""timestamps_as_recorded"": [""2022-04-05T14:28:20""], ""source_rows"": [755], ""rates_microgray_per_hour"": [""3.0933""]}","{""timestamps_as_recorded"": [""2022-04-05T14:31:40""], ""source_rows"": [758], ""rates_microgray_per_hour"": [""2.574157""]}",100,100,88,1.1363636363636363636363636363636363636363636363636,1.1363636363636363636363636363636363636363636363636,compared,[],2.8337285,"[""0.0868536086262"", ""0.2381075""]",[1],[756]
DosTel2,2022-04-06,dostel2-2022-04-06.csv,https://visualization.osdr.nasa.gov/radlab/api/?instrument_id=DosTel2&timestamp%3E=2022-04-06T00%3A00&timestamp%3C2022-04-07T00%3A00&absorbed_dose_rate&format=csv,548b3e1677412eb2209434cdf98fa37cecf85b62052ede6261f4248cb01f0232,not_supplied,"[""2022-04-06T17:45:00"", ""2022-04-06T17:45:00""]","[907, 908]","[""2.28090866666667"", ""2.530861""]","{""timestamps_as_recorded"": [""2022-04-06T17:43:20""], ""source_rows"": [906], ""rates_microgray_per_hour"": [""2.254547""]}","{""timestamps_as_recorded"": [""2022-04-06T17:46:40""], ""source_rows"": [909], ""rates_microgray_per_hour"": [""2.057318""]}",100,100,88,1.1363636363636363636363636363636363636363636363636,1.1363636363636363636363636363636363636363636363636,compared,[],2.1559325,"[""0.12497616666667"", ""0.3749285""]",[1],[907]
DosTel2,2022-04-06,dostel2-2022-04-06.csv,https://visualization.osdr.nasa.gov/radlab/api/?instrument_id=DosTel2&timestamp%3E=2022-04-06T00%3A00&timestamp%3C2022-04-07T00%3A00&absorbed_dose_rate&format=csv,548b3e1677412eb2209434cdf98fa37cecf85b62052ede6261f4248cb01f0232,not_supplied,"[""2022-04-06T17:50:00"", ""2022-04-06T17:50:00""]","[911, 912]","[""2.63745288461538"", ""2.469325""]","{""timestamps_as_recorded"": [""2022-04-06T17:48:20""], ""source_rows"": [910], ""rates_microgray_per_hour"": [""2.890452""]}","{""timestamps_as_recorded"": [""2022-04-06T17:51:40""], ""source_rows"": [913], ""rates_microgray_per_hour"": [""2.561675""]}",100,100,88,1.1363636363636363636363636363636363636363636363636,1.1363636363636363636363636363636363636363636363636,compared,[],2.7260635,"[""0.08861061538462"", ""0.2567385""]",[1],[911]
DosTel2,2022-04-06,dostel2-2022-04-06.csv,https://visualization.osdr.nasa.gov/radlab/api/?instrument_id=DosTel2&timestamp%3E=2022-04-06T00%3A00&timestamp%3C2022-04-07T00%3A00&absorbed_dose_rate&format=csv,548b3e1677412eb2209434cdf98fa37cecf85b62052ede6261f4248cb01f0232,not_supplied,"[""2022-04-06T19:05:00"", ""2022-04-06T19:05:00""]","[969, 970]","[""7.32156566666667"", ""6.76645""]","{""timestamps_as_recorded"": [""2022-04-06T19:03:20""], ""source_rows"": [968], ""rates_microgray_per_hour"": [""9.079355""]}","{""timestamps_as_recorded"": [""2022-04-06T19:06:40""], ""source_rows"": [971], ""rates_microgray_per_hour"": [""6.118892""]}",100,100,88,1.1363636363636363636363636363636363636363636363636,1.1363636363636363636363636363636363636363636363636,compared,[],7.5991235,"[""0.27755783333333"", ""0.8326735""]",[1],[969]
DosTel2,2022-04-06,dostel2-2022-04-06.csv,https://visualization.osdr.nasa.gov/radlab/api/?instrument_id=DosTel2&timestamp%3E=2022-04-06T00%3A00&timestamp%3C2022-04-07T00%3A00&absorbed_dose_rate&format=csv,548b3e1677412eb2209434cdf98fa37cecf85b62052ede6261f4248cb01f0232,not_supplied,"[""2022-04-06T19:10:00"", ""2022-04-06T19:10:00""]","[973, 974]","[""3.15442708306709"", ""3.454365""]","{""timestamps_as_recorded"": [""2022-04-06T19:08:20""], ""source_rows"": [972], ""rates_microgray_per_hour"": [""3.725152""]}","{""timestamps_as_recorded"": [""2022-04-06T19:11:40""], ""source_rows"": [975], ""rates_microgray_per_hour"": [""2.383929""]}",100,100,88,1.1363636363636363636363636363636363636363636363636,1.1363636363636363636363636363636363636363636363636,compared,[],3.0545405,"[""0.09988658306709"", ""0.3998245""]",[1],[973]
DosTel2,2022-04-07,dostel2-2022-04-07.csv,https://visualization.osdr.nasa.gov/radlab/api/?instrument_id=DosTel2&timestamp%3E=2022-04-07T00%3A00&timestamp%3C2022-04-08T00%3A00&absorbed_dose_rate&format=csv,b96bfbf80a2cc55e0b831d3ffa9c6ca2c776be3d2833634e116cbce67bec364f,not_supplied,"[""2022-04-07T00:25:00"", ""2022-04-07T00:25:00""]","[21, 22]","[""11.3223096666667"", ""10.374563""]","{""timestamps_as_recorded"": [""2022-04-07T00:23:20""], ""source_rows"": [20], ""rates_microgray_per_hour"": [""12.768303""]}","{""timestamps_as_recorded"": [""2022-04-07T00:26:40""], ""source_rows"": [23], ""rates_microgray_per_hour"": [""10.824063""]}",100,100,89,1.1235955056179775280898876404494382022471910112360,1.1235955056179775280898876404494382022471910112360,compared,[],11.796183,"[""0.4738733333333"", ""1.42162""]",[1],[21]
DosTel2,2022-04-07,dostel2-2022-04-07.csv,https://visualization.osdr.nasa.gov/radlab/api/?instrument_id=DosTel2&timestamp%3E=2022-04-07T00%3A00&timestamp%3C2022-04-08T00%3A00&absorbed_dose_rate&format=csv,b96bfbf80a2cc55e0b831d3ffa9c6ca2c776be3d2833634e116cbce67bec364f,not_supplied,"[""2022-04-07T00:30:00"", ""2022-04-07T00:30:00""]","[25, 26]","[""8.92838112460064"", ""10.745254""]","{""timestamps_as_recorded"": [""2022-04-07T00:28:20""], ""source_rows"": [24], ""rates_microgray_per_hour"": [""9.035782""]}","{""timestamps_as_recorded"": [""2022-04-07T00:31:40""], ""source_rows"": [27], ""rates_microgray_per_hour"": [""7.225484""]}",100,100,89,1.1235955056179775280898876404494382022471910112360,1.1235955056179775280898876404494382022471910112360,compared,[],8.130633,"[""0.79774812460064"", ""2.614621""]",[1],[25]
DosTel2,2022-04-07,dostel2-2022-04-07.csv,https://visualization.osdr.nasa.gov/radlab/api/?instrument_id=DosTel2&timestamp%3E=2022-04-07T00%3A00&timestamp%3C2022-04-08T00%3A00&absorbed_dose_rate&format=csv,b96bfbf80a2cc55e0b831d3ffa9c6ca2c776be3d2833634e116cbce67bec364f,not_supplied,"[""2022-04-07T04:15:00"", ""2022-04-07T04:15:00""]","[242, 243]","[""7.726664"", ""8.463164""]","{""timestamps_as_recorded"": [""2022-04-07T04:13:20""], ""source_rows"": [241], ""rates_microgray_per_hour"": [""6.789895""]}","{""timestamps_as_recorded"": [""2022-04-07T04:16:40""], ""source_rows"": [244], ""rates_microgray_per_hour"": [""7.926933""]}",100,100,89,1.1235955056179775280898876404494382022471910112360,1.1235955056179775280898876404494382022471910112360,compared,[],7.358414,"[""0.36825"", ""1.10475""]",[1],[242]
DosTel2,2022-04-07,dostel2-2022-04-07.csv,https://visualization.osdr.nasa.gov/radlab/api/?instrument_id=DosTel2&timestamp%3E=2022-04-07T00%3A00&timestamp%3C2022-04-08T00%3A00&absorbed_dose_rate&format=csv,b96bfbf80a2cc55e0b831d3ffa9c6ca2c776be3d2833634e116cbce67bec364f,not_supplied,"[""2022-04-07T04:20:00"", ""2022-04-07T04:20:00""]","[246, 247]","[""7.26250408974359"", ""7.19748""]","{""timestamps_as_recorded"": [""2022-04-07T04:18:20""], ""source_rows"": [245], ""rates_microgray_per_hour"": [""7.087995""]}","{""timestamps_as_recorded"": [""2022-04-07T04:21:40""], ""source_rows"": [248], ""rates_microgray_per_hour"": [""7.476373""]}",100,100,89,1.1235955056179775280898876404494382022471910112360,1.1235955056179775280898876404494382022471910112360,compared,[],7.282184,"[""0.01967991025641"", ""0.084704""]",[1],[246]
DosTel2,2022-04-07,dostel2-2022-04-07.csv,https://visualization.osdr.nasa.gov/radlab/api/?instrument_id=DosTel2&timestamp%3E=2022-04-07T00%3A00&timestamp%3C2022-04-08T00%3A00&absorbed_dose_rate&format=csv,b96bfbf80a2cc55e0b831d3ffa9c6ca2c776be3d2833634e116cbce67bec364f,not_supplied,"[""2022-04-07T15:45:00"", ""2022-04-07T15:45:00""]","[813, 814]","[""8.396438"", ""8.047426""]","{""timestamps_as_recorded"": [""2022-04-07T15:43:20""], ""source_rows"": [812], ""rates_microgray_per_hour"": [""8.359252""]}","{""timestamps_as_recorded"": [""2022-04-07T15:46:40""], ""source_rows"": [815], ""rates_microgray_per_hour"": [""8.782636""]}",100,100,89,1.1235955056179775280898876404494382022471910112360,1.1235955056179775280898876404494382022471910112360,compared,[],8.570944,"[""0.174506"", ""0.523518""]",[1],[813]
DosTel2,2022-04-07,dostel2-2022-04-07.csv,https://visualization.osdr.nasa.gov/radlab/api/?instrument_id=DosTel2&timestamp%3E=2022-04-07T00%3A00&timestamp%3C2022-04-08T00%3A00&absorbed_dose_rate&format=csv,b96bfbf80a2cc55e0b831d3ffa9c6ca2c776be3d2833634e116cbce67bec364f,not_supplied,"[""2022-04-07T15:50:00"", ""2022-04-07T15:50:00""]","[817, 818]","[""8.61787433333333"", ""8.179296""]","{""timestamps_as_recorded"": [""2022-04-07T15:48:20""], ""source_rows"": [816], ""rates_microgray_per_hour"": [""8.949558""]}","{""timestamps_as_recorded"": [""2022-04-07T15:51:40""], ""source_rows"": [819], ""rates_microgray_per_hour"": [""8.713316""]}",100,100,89,1.1235955056179775280898876404494382022471910112360,1.1235955056179775280898876404494382022471910112360,compared,[],8.831437,"[""0.21356266666667"", ""0.652141""]",[1],[817]
DosTel2,2022-04-08,dostel2-2022-04-08.csv,https://visualization.osdr.nasa.gov/radlab/api/?instrument_id=DosTel2&timestamp%3E=2022-04-08T00%3A00&timestamp%3C2022-04-09T00%3A00&absorbed_dose_rate&format=csv,a1f17ffad747f5d169a01faf4d074aebd0df96675fef6b7c65f0c1569bac5c07,not_supplied,"[""2022-04-08T02:05:00"", ""2022-04-08T02:05:00""]","[138, 139]","[""6.018435"", ""5.946213""]","{""timestamps_as_recorded"": [""2022-04-08T02:03:20""], ""source_rows"": [137], ""rates_microgray_per_hour"": [""7.886999""]}","{""timestamps_as_recorded"": [""2022-04-08T02:06:40""], ""source_rows"": [140], ""rates_microgray_per_hour"": [""4.222093""]}",100,100,88,1.1363636363636363636363636363636363636363636363636,1.1363636363636363636363636363636363636363636363636,compared,[],6.054546,"[""0.036111"", ""0.108333""]",[1],[138]
DosTel2,2022-04-08,dostel2-2022-04-08.csv,https://visualization.osdr.nasa.gov/radlab/api/?instrument_id=DosTel2&timestamp%3E=2022-04-08T00%3A00&timestamp%3C2022-04-09T00%3A00&absorbed_dose_rate&format=csv,a1f17ffad747f5d169a01faf4d074aebd0df96675fef6b7c65f0c1569bac5c07,not_supplied,"[""2022-04-08T02:10:00"", ""2022-04-08T02:10:00""]","[142, 143]","[""2.70229644871795"", ""2.812518""]","{""timestamps_as_recorded"": [""2022-04-08T02:08:20""], ""source_rows"": [141], ""rates_microgray_per_hour"": [""3.327193""]}","{""timestamps_as_recorded"": [""2022-04-08T02:11:40""], ""source_rows"": [144], ""rates_microgray_per_hour"": [""2.045941""]}",100,100,88,1.1363636363636363636363636363636363636363636363636,1.1363636363636363636363636363636363636363636363636,compared,[],2.686567,"[""0.01572944871795"", ""0.125951""]",[1],[142]
